ID LOCAL;N° SUC;ID CADENA;NOMBRE;BOCA;DIRECCION;Localidad;ZONA;REGION
MBS1;1;MBS;MAYORISTA BUEN SOL;Santa fe;Santiago del Estero 2231;Santa Fe;INT42;SANTA FE
AIE1;1;AIE;AIELLO;La Punta (1);Av. Serrana S/N;San Luis;INT39;SAN LUIS
AIE10;10;AIE;AIELLO;Sucre (10);Av. Pte. Peron 1024;San Luis;INT39;SAN LUIS
AIE2;2;AIE;AIELLO;Falucho (2);Falucho 1852;San Luis;INT39;SAN LUIS
AIE3;3;AIE;AIELLO;Favaloro (3);Los Puntanitos 2625;San Luis;INT39;SAN LUIS
AIE4;4;AIE;AIELLO;Juana Koslay (4);Av. Viento Chorrillero 2083;San Luis;INT39;SAN LUIS
AIE5;5;AIE;AIELLO;Lince (5);Jose Zavala 451;San Luis;INT39;SAN LUIS
AIE6;6;AIE;AIELLO;Lomas (6);Houssay y Algarrobos;San Luis;INT39;SAN LUIS
AIE7;7;AIE;AIELLO;Loyola (7);Av. Pte. Peron 2115;San Luis;INT39;SAN LUIS
AIE8;8;AIE;AIELLO;Riobamba (8);Riobamba 1600;San Luis;INT39;SAN LUIS
AIE9;9;AIE;AIELLO;San Martin (9);San Martin 575;San Luis;INT39;SAN LUIS
ALV1;1;ALV;ALVEAR;4 de Enero (1);4 de Enero 2250;Santa Fe;INT42;SANTA FE
ALV2;2;ALV;ALVEAR;Gral. Lopez (2);Gral. Lopez 3271;Santa Fe;INT42;SANTA FE
ALV3;3;ALV;ALVEAR;Corrientes (3);Gral. Paz 932;Santa Fe;INT42;SANTA FE
ALV4;4;ALV;ALVEAR;Freyre (4);Gdor. Freyre 946;Santa Fe;INT42;SANTA FE
ALV5;5;ALV;ALVEAR;Iriondo (5);Iriondo 2137;Santa Fe;INT42;SANTA FE
ALV6;6;ALV;ALVEAR;San Martin (6);San Martin 3243;Santa Fe;INT42;SANTA FE
ALV7;7;ALV;ALVEAR;San Jeronimo (7);San Jerónimo 3073;Santa Fe;INT42;SANTA FE
ALV8;8;ALV;ALVEAR;Gral Paz (8);Gral. Paz 6800;Santa Fe;INT42;SANTA FE
ALV9;9;ALV;ALVEAR;Alvear (9);Alvear 3919;Santa Fe;INT42;SANTA FE
ATO1;1;ATO;ATOMO;Central (1);San Martin 2430;Mendoza;INT28;MENDOZA
ATO102;102;ATO;ATOMO;Zonda 4 (102);Av. España Sur 1500;San Juan;INT38;SAN JUAN
ATO105;105;ATO;ATOMO;Villa Mercedes 3 (105);San Martin 1562;V.Mercedes;INT40;SAN LUIS
ATO107;107;ATO;ATOMO;Gutemberg (107);Gutemberg 2652;Mendoza;INT28;MENDOZA
ATO109;109;ATO;ATOMO;Serrano  (109);Chapanay 3210;Mendoza;INT28;MENDOZA
ATO11;11;ATO;ATOMO;Nuevo Marini (11);Rivadavia 1653;Mendoza;INT28;MENDOZA
ATO112;112;ATO;ATOMO;Fatima (112);Av. Alem Norte 358;San Rafael;INT29;MENDOZA
ATO114;114;ATO;ATOMO;Pocitos (114);Av. Mendoza 780;San Juan;INT38;SAN JUAN
ATO115;115;ATO;ATOMO;El Cisne (115);Elpidio Gonzalez 2890;Mendoza;INT28;MENDOZA
ATO116;116;ATO;ATOMO;Correa Saa (116);Benjamin Matienzo 1481;Mendoza;INT28;MENDOZA
ATO117;117;ATO;ATOMO;Trome (117);Julio A. Roca 97;Mendoza;INT28;MENDOZA
ATO118;118;ATO;ATOMO;Olascoaga (118);Olascoaga 2550;Mendoza;INT28;MENDOZA
ATO120;120;ATO;ATOMO;Villa Mercedes 4 (120);Av. Peron 2060;V.Mercedes;INT40;SAN LUIS
ATO124;124;ATO;ATOMO;Cervantes (124);Cervantes Saavedras 1557;Mendoza;INT28;MENDOZA
ATO19;19;ATO;ATOMO;Lujan (19);Roque Saenz Peña 748;Mendoza;INT28;MENDOZA
ATO200;200;ATO;ATOMO;Algarrobal;Quintana 80;Mendoza;INT28;MENDOZA
ATO201;201;ATO;ATOMO;Beltran;Mariano Moreno 450;Mendoza;INT28;MENDOZA
ATO202;202;ATO;ATOMO;Carrodilla;Carrodilla 122;Mendoza;INT28;MENDOZA
ATO203;203;ATO;ATOMO;Junin;Mitre 969;Mendoza;INT28;MENDOZA
ATO204;204;ATO;ATOMO;La Colonia;Busquet 706;Mendoza;INT28;MENDOZA
ATO205;205;ATO;ATOMO;Vistalba ;Roque Saenz Peña 2018;Mendoza;INT28;MENDOZA
ATO206;206;ATO;ATOMO;Marroco;Patricias Argentina 380;Mendoza;INT28;MENDOZA
ATO207;207;ATO;ATOMO;Pedriel ;Ruta Provincial Nac. 15 Km 22;Mendoza;INT28;MENDOZA
ATO208;208;ATO;ATOMO;Rivadavia 2;Lavalle 453;Mendoza;INT28;MENDOZA
ATO209;209;ATO;ATOMO;Rivadavia 3;Mariano Gomez 1000;Mendoza;INT28;MENDOZA
ATO21;21;ATO;ATOMO;Pedro Molina (21);Besares 2399;Mendoza;INT28;MENDOZA
ATO210;210;ATO;ATOMO;Rotonda;Rotonda Boulogne Sur Mer S/N;Mendoza;INT28;MENDOZA
ATO211;211;ATO;ATOMO;Terminal ;Tucuman 2;Mendoza;INT28;MENDOZA
ATO212;212;ATO;ATOMO;Alvear  ;San Rafel 293;San Rafael;INT29;MENDOZA
ATO213;213;ATO;ATOMO;Masol ;Gomenzoro 3055;San Rafael;INT29;MENDOZA
ATO214;214;ATO;ATOMO;Rafaelito;Av. Alberdi 290;San Rafael;INT29;MENDOZA
ATO215;215;ATO;ATOMO;Salto de las Rosas ;Ruta Nac. 143 Esq. La Correina;San Rafael;INT29;MENDOZA
ATO26;26;ATO;ATOMO;Estacion (26);Sgto. Cabral 467 y Colombres;Mendoza;INT28;MENDOZA
ATO28;28;ATO;ATOMO;Raiz (28);Acceso Aeroparque 720;Mendoza;INT28;MENDOZA
ATO29;29;ATO;ATOMO;Independencia (29);Independencia 2368;Mendoza;INT28;MENDOZA
ATO3;3;ATO;ATOMO;Amigorena (3);Amigorena 26;Mendoza;INT28;MENDOZA
ATO30;30;ATO;ATOMO;Moyano (30);Lisandro Moyano 528;Mendoza;INT28;MENDOZA
ATO31;31;ATO;ATOMO;Cano (31);Godoy Cruz 535;Mendoza;INT28;MENDOZA
ATO32;32;ATO;ATOMO;Buena Nueva (32);Godoy Cruz 6470;Mendoza;INT28;MENDOZA
ATO34;34;ATO;ATOMO;Avellaneda (34);Avellaneda 2710;Mendoza;INT28;MENDOZA
ATO35;35;ATO;ATOMO;Giol (35);Lavalle 270;Mendoza;INT28;MENDOZA
ATO36;36;ATO;ATOMO;Maipu (36);Patricias Argentinas 377;Maipu;INT28;MENDOZA
ATO37;37;ATO;ATOMO;Virdo (37);Lavalle 255;Mendoza;INT28;MENDOZA
ATO39;39;ATO;ATOMO;San Miguel (39);San Miguel 750;Mendoza;INT28;MENDOZA
ATO4;4;ATO;ATOMO;Santa Ana (4);Fader 1465;Mendoza;INT28;MENDOZA
ATO41;41;ATO;ATOMO;Covimet (41) ;Sarmiento 2115;Mendoza;INT28;MENDOZA
ATO42;42;ATO;ATOMO;Juan B. Justo (42);Juan B. Justo 395;Mendoza;INT28;MENDOZA
ATO43;43;ATO;ATOMO;Don Bosco (43);Cervantes 1585;Mendoza;INT28;MENDOZA
ATO44;44;ATO;ATOMO;Elpidio Gonzalez (44);Elpidio Gonzalez Esq. Urquiza;Mendoza;INT28;MENDOZA
ATO45;45;ATO;ATOMO;Ballofet Sur (45);Ballofet 2700;San Rafael;INT29;MENDOZA
ATO46;46;ATO;ATOMO;Tropero Sosa (46);Tropero Sosa 441;Mendoza;INT28;MENDOZA
ATO47;47;ATO;ATOMO;Luzuriaga (47);9 de Julio Esq. Cacheuta;Mendoza;INT28;MENDOZA
ATO49;49;ATO;ATOMO;Peru (49);Peru 3022;Mendoza;INT28;MENDOZA
ATO55;55;ATO;ATOMO;Villa Mercedes 2 (55);Chile 1399;V.Mercedes;INT40;SAN LUIS
ATO57;57;ATO;ATOMO;Villa Mercedes 1 (57);Av. 25 de Mayo 1222;V.Mercedes;INT40;SAN LUIS
ATO58;58;ATO;ATOMO;Alvear Motor (58);Av. Alvear Oeste 720;San Rafael;INT29;MENDOZA
ATO6;6;ATO;ATOMO;Dorrego (6);Juan Godoy 314;Mendoza;INT28;MENDOZA
ATO61;61;ATO;ATOMO;Constitucion (61);Emilio Mitre 559;San Rafael ;INT29;MENDOZA
ATO62;62;ATO;ATOMO;Imprenta (62);25 de Mayo 536;San Rafael ;INT29;MENDOZA
ATO63;63;ATO;ATOMO;Comodoro PI (63);Comodoro Pi 407;San Rafael;INT29;MENDOZA
ATO65;65;ATO;ATOMO;Ballofet (65);Ballofet 858;San Rafael;INT29;MENDOZA
ATO66;66;ATO;ATOMO;Javi (66);Av. Rivadavia 660;San Rafael;INT29;MENDOZA
ATO67;67;ATO;ATOMO;ACA (67);9 de Julio 76;Mendoza;INT28;MENDOZA
ATO68;68;ATO;ATOMO;Perdiguez (68);Av. Mitre 1120;San Rafael;INT29;MENDOZA
ATO7;7;ATO;ATOMO;Unimev (7);Pedro Vargas y Tuyuti;Mendoza;INT28;MENDOZA
ATO70;70;ATO;ATOMO;Frimi 2 (70);San Martin 241;Mendoza;INT28;MENDOZA
ATO73;73;ATO;ATOMO;Don Faustino (73);Avellaneda 275;Mendoza;INT28;MENDOZA
ATO75;75;ATO;ATOMO;Castelli (75);Castelli 170;Mendoza;INT28;MENDOZA
ATO76;76;ATO;ATOMO;Perito Moreno (76);Perito Moreno 1016;Mendoza;INT28;MENDOZA
ATO77;77;ATO;ATOMO;Estanzuela (77);Estanzuela Manzana 10 Casa 1;Mendoza;INT28;MENDOZA
ATO78;78;ATO;ATOMO;Padell (78);Tito Laciar 925;Mendoza;INT28;MENDOZA
ATO79;79;ATO;ATOMO;Someca (79);Paraguay 2532;Mendoza;INT28;MENDOZA
ATO8;8;ATO;ATOMO;Sportman (8);Paso de los Andes 1634;Mendoza;INT28;MENDOZA
ATO81;81;ATO;ATOMO;Padre Llorens (81);Padre Llorens 360;Mendoza;INT28;MENDOZA
ATO82;82;ATO;ATOMO;Bosque (82);Calle Peru 202;Mendoza;INT28;MENDOZA
ATO83;83;ATO;ATOMO;Martin Fierro (83);Martin Fierro 906;Mendoza;INT28;MENDOZA
ATO85;85;ATO;ATOMO;Ugarteche (85);Ruta Nac. Nro. 40;Mendoza;INT28;MENDOZA
ATO89;89;ATO;ATOMO;Capilla del Rosario (89);Capilla del Rosario Esq. Amigorena 6893;Mendoza;INT28;MENDOZA
ATO92;92;ATO;ATOMO;Rodeo del Medio (92);Ruta Nacional 50 Nro. 5520;Mendoza;INT28;MENDOZA
ATO93;93;ATO;ATOMO;De La Rosa (93);Calle Proyectada 1;San Juan;INT38;SAN JUAN
ATO94;94;ATO;ATOMO;Granaderos (94);Granaderos 975;San Juan;INT38;SAN JUAN
ATO95;95;ATO;ATOMO;Sta. Lucia (95);Av. San Martin Este 2290;San Juan;INT38;SAN JUAN
ATO96;96;ATO;ATOMO;Concepcion (96);Tucuman Norte 975;San Juan;INT38;SAN JUAN
ATO97;97;ATO;ATOMO;Chimbas (97);Mendoza 1130;San Juan;INT38;SAN JUAN
ATO99;99;ATO;ATOMO;Rawson (99);Vidar 3746;San Juan;INT38;SAN JUAN
BAR1;1;BAR;BARALE;Central (1);Ruta 9 Y Malvinas Argentinas;Villa Maria;INT18;CORDOBA
BAS1;1;BASU;BASUALDO;Tucuman;Au. Tucuman Famailla Km 27;Tucuman;INT48;TUCUMAN
BAS2;2;BASU;BASUALDO;Cordoba;"Av. Circunvalación Sur s/n°, entre Valparaíso y Vélez Sarsfield.";Cordoba;INT16;CORDOBA
BAS3;3;BASU;BASUALDO;Mendoza;Carril Rodríguez Peña 2050 ;Mendoza;INT28;MENDOZA
BAS4;4;BASU;BASUALDO;San Juan;Av. G. Rawson 1668;San Juan;INT38;SAN JUAN
BEC1;1;BECE;BECERRA;Central;Av. Belgrano 466;Alta Gracia;INT16;CORDOBA
BEC10;10;BECE;BECERRA;Casafoust;Av. Casafoust 59;Carlos Paz;INT16;CORDOBA
BEC2;2;BECE;BECERRA;Ituzaingo;Av. Libertador esq Ituzaingo;Alta Gracia;INT16;CORDOBA
BEC3;3;BECE;BECERRA;Aguirre;Agustin Aguirre esq Paraguay;Alta Gracia;INT16;CORDOBA
BEC4;4;BECE;BECERRA;Lucas V;Lucas V.Cordoba esq Sevilla;Alta Gracia;INT16;CORDOBA
BEC5;5;BECE;BECERRA;Libertador;Av. Libertador 1740;Alta Gracia;INT16;CORDOBA
BEC6;6;BECE;BECERRA;Consejal Alonso;Consejal Jose Alonso 770;Alta Gracia;INT16;CORDOBA
BEC7;7;BECE;BECERRA;Sarmiento;Sarmiento esq Larreta;Alta Gracia;INT16;CORDOBA
BEC9;9;BECE;BECERRA;Carcano;Av. Carcano 989;Carlos Paz;INT16;CORDOBA
CAF1;1;CAF ;CAFE AMERICA;Casa Central;"Acceso Este, Lateral Sur 1679";San Juan;INT38;SAN JUAN
CAF3;3;CAF ;CAFE AMERICA;Rawson;Mendoza y Calvento;San Juan;INT38;SAN JUAN
CAF4;4;CAF ;CAFE AMERICA;Cabot;Comandante Cabot y Rio Bamba;San Juan;INT38;SAN JUAN
CAF5;5;CAF ;CAFE AMERICA;Cipoletti;Cipolletti y Nazario Benavidez;San Juan;INT38;SAN JUAN
CAP1;1;CAP ;CAPO;America y San Juan;San Juan 3582;Tucumán;INT48;TUCUMAN
CAP2;2;CAP ;CAPO;Democracia;Av. Democracia y Autopista Circunvalacion;Tucumán;INT48;TUCUMAN
CAP3;3;CAP ;CAPO;Tafi Viejo;La Rioja 555;Tucumán;INT48;TUCUMAN
CAP4;4;CAP ;CAPO;Lamadrid;Gral. Lamadrid 1579;Tucumán;INT48;TUCUMAN
CAP5;5;CAP ;CAPO;Los Nogales;Ruta Nacional 9 km 1304;Tucumán;INT48;TUCUMAN
CAR1;1;CAR ;CAROMAR;Malvinas (1);Ruta 8 km 34.200;Malvinas Argentinas;ZO;AMBA
CAR2;2;CAR ;CAROMAR;Neuquen (2);Av. Perticone Esq. Linares;Neuquen;INT32;NEUQUEN
CAR3;3;CAR ;CAROMAR;Rosario (3);Bulevard 27 de Febrero 3628 ;Rosario Oeste;INT43;SANTA FE
CAR4;4;CAR ;CAROMAR;San Justo (4);Rincon 3012;San Justo;ZO;AMBA
INC1;1;INC;CARREFOUR;San Isidro (1);BERNARDO DE IRIGOYEN 2647 ;San Isidro;ZN1;AMBA
INC2;2;INC;CARREFOUR;Vicente Lopez (2);Av. Libertador 215;Vte López ;ZN1;AMBA
INC7;7;INC;CARREFOUR;Quilmes (7);Av La Plata y 12 de Octubre;Quilmes;ZS;AMBA
INC8;8;INC;CARREFOUR;La Plata (8);Cmo. Gral Belgrano y 514;La Plata ;ZS;AMBA
INC10;10;INC;CARREFOUR;Tesei (10);Vergara 1900;Tesei ;ZO;AMBA
INC12;12;INC;CARREFOUR;San Justo (12);DON BOSCO 2680;San Justo ;ZO;AMBA
INC16;16;INC;CARREFOUR;Monte Grande (16);Camino de Cintura y Juan xxlll;Monte Grande ;ZS;AMBA
INC20;20;INC;CARREFOUR;Avellaneda (2);Av. Pavon 300;Avellaneda;ZS;AMBA
INC21;21;INC;CARREFOUR;Moreno (21);Acc Oeste y Gragham;Moreno ;ZO;AMBA
INC23;23;INC;CARREFOUR;Adrogue (23);H.Yrigoyen 13500;Adrogue;ZS;AMBA
INC25;25;INC;CARREFOUR;San Fernando (25);Acc Tigre y Ruta 202;San Fernando ;ZN1;AMBA
INC28;28;INC;CARREFOUR;Lagomarsino (28);Lagormarsino 905;Pilar ;ZN2;AMBA
INC36;36;INC;CARREFOUR;Rati (36);Ratti 1860;Ituzaingó ;ZO;AMBA
INC40;40;INC;CARREFOUR;Temperley (40);EVA PERON 2679 ( EX PASCO );Temperley ;ZS;AMBA
INC42;42;INC;CARREFOUR;Merlo (42);AV. ARGENTINA 1930 ;Merlo ;ZO;AMBA
INC43;43;INC;CARREFOUR;Showcenter (43);Dr. Luis Guemes 369 esq. Defensa;Haedo ;ZO;AMBA
INC47;47;INC;CARREFOUR;Martin Coronado (47);AV. PTE PERON 7055;Martin Coronado ;ZO;AMBA
INC51;51;INC;CARREFOUR;Nordelta (51);SANTA MARIA DE LAS CONCHAS 4711;Nordelta;ZN2;AMBA
INC52;52;INC;CARREFOUR;Banfiel (52);Las Heras Esq. Tucuman;Banfield ;ZS;AMBA
INC56;56;INC;CARREFOUR;Glew (56);Av. Hipólito Yrigoyen 20260;Glew ;ZS;AMBA
INC62;62;INC;CARREFOUR;Pilar 2 (62);"RUTA PANAMERICANA 54,5 ESQ CHAMPAGNAT";Pilar ;ZN2;AMBA
INC101;101;INC;CARREFOUR;Avellaneda 2 (101);Av. Belgrano 442;Avellaneda;ZS;AMBA
INC118;118;INC;CARREFOUR;Mercado (118);Vicente Lopez 1676 ;Recoleta;ZO;AMBA
INC144;144;INC;CARREFOUR;Sucursal 12 (144);Calle 12 Nº1200;La Plata ;ZS;AMBA
INC183;183;INC;CARREFOUR;Maschwitz (183);PANAMERICANA Y MORENO;Maschwitz ;ZN2;AMBA
INC187;187;INC;CARREFOUR;Escobar (187);Galves 530;Escobar ;ZN2;AMBA
INC201;201;INC;CARREFOUR;Carapachay (201);INDEPENDENCIA 3067;Carapachay ;ZN1;AMBA
INC202;202;INC;CARREFOUR;2do Fernandez (202);J.S. Fernandez 1235;San Isidro ;ZN1;AMBA
INC203;203;INC;CARREFOUR;Chilavert (203);Lacroze 860;San Martin;ZN1;AMBA
INC204;204;INC;CARREFOUR;Ugarte (204);Ugarte 1980 ;Olivos ;ZN1;AMBA
INC208;208;INC;CARREFOUR;Campana 1 (208);AV.MITRE 1085;Campana ;ZN2;AMBA
INC209;209;INC;CARREFOUR;Martinez (209);Av. Libertador 13000 ;Martinez ;ZN1;AMBA
INC210;210;INC;CARREFOUR;Zarate (210);AV. GRAL LAVALLE 1800;Zarate ;ZN2;AMBA
INC211;211;INC;CARREFOUR;Italia (211);Italia Y Saenz Valiente;Martinez ;ZN1;AMBA
INC212;212;INC;CARREFOUR;Malaver (212);AMERICA 4006;Malaver ;ZO;AMBA
INC216;216;INC;CARREFOUR;Maipu (216);Maipu 940;Vte López;ZN1;AMBA
INC217;217;INC;CARREFOUR;Bella Vista (217);Peron 111;Bella Vista ;ZN2;AMBA
INC218;218;INC;CARREFOUR;Hurlingham (218);Vergara 4121;Hurlingham ;ZO;AMBA
INC221;221;INC;CARREFOUR;Tigre;ALTE. BROWN 371;Tigre;ZN1;AMBA
INC226;226;INC;CARREFOUR;Edison (226);Santa Fe y Edison;Martinez ;ZN1;AMBA
INC227;227;INC;CARREFOUR;Bernal (227);Dardo Rocha y Cerrito;Bernal;ZS;AMBA
INC231;231;INC;CARREFOUR;Lomas (710);Oliden 710 ;Lomas De Zamora;ZS;AMBA
INC232;232;INC;CARREFOUR;Campana 2 (232);COLECTORA NORTE 878 ;Campana ;ZN2;AMBA
INC234;234;INC;CARREFOUR;Don Torcuato (234);Av. M.T Alvear 1960;Torcuato ;ZN1;AMBA
INC239;239;INC;CARREFOUR;Pachecho (239);Bolulogne Sur Mer 301;Pacheco ;ZN2;AMBA
INC241;241;INC;CARREFOUR;Lujan (241);Av. Pelegrini 1050 ( 241 );Lujan;ZO;AMBA
INC252;252;INC;CARREFOUR;Acassuso (252);Av. Libertador 14.893 ;Acassuso ;ZN1;AMBA
INC253;253;INC;CARREFOUR;Tanti (253);Maipu 3300;Olivos ;ZN1;AMBA
INC254;254;INC;CARREFOUR;Carman (254);DIEGO CARMAN 451 ;San Isidro ;ZN1;AMBA
INC272;272;INC;CARREFOUR;S. F. Peron (272);Peron y Ayacucho;San Fernando ;ZN1;AMBA
INC278;278;INC;CARREFOUR;Boulogne (278);Av. Marquez 1261;Boulogne ;ZN2;AMBA
INC294;294;INC;CARREFOUR;Blas Parera (294);BLAS PARERA 650 (294);Ituzaingó ;ZO;AMBA
INC297;297;INC;CARREFOUR;Gral. Rodriguez (297);"B, DE YRIGOYEN 1500 ";Gral. Rodriguez ;ZO;AMBA
INC49;49;INC;CARREFOUR;Varela (49);AV. GRAL SAN MARTIN 554;Florencio Varela;ZS;AMBA
INC701;701;INC;MAXICARREFOUR;Laferrere (701);Juan Manuel de Rosas 13330;Laferrere;ZO;AMBA
INC702;702;INC;MAXICARREFOUR;Burzaco (702);Monteverde 7008;Burzaco;ZS;AMBA
INC703;703;INC;MAXICARREFOUR;Moreno (703);Libertador 7001;Moreno;ZO;AMBA
INC705;705;INC;MAXICARREFOUR;Jose C. Paz (705);Hipolito Yrigoyen 3750;José C. Paz;ZO;AMBA
INC706;706;INC;MAXICARREFOUR;Lomas (706);Av. General Martin Rodriguez 1399;Lomas De Zamora;ZS;AMBA
INC22;22;INC;CARREFOUR;Ruta 2 (22);Av. Constitución y Ruta 2 ;Mar Del Plata;INT01;BUENOS AIRES
INC114;114;INC;CARREFOUR;Bahia Blanca (114);Brown 51;Bahia Blanca;INT04;BUENOS AIRES
INC130;130;INC;CARREFOUR;MDQ 130;Catamarca 1965;Mar Del Plata;INT01;BUENOS AIRES
INC191;191;INC;CARREFOUR;MDQ 191;CORDOBA  1830;Mar Del Plata;INT01;BUENOS AIRES
INC5;5;INC;CARREFOUR;Velez;Av. Alvarez Jonte 6383 ;Liniers;CABA1;CABA
INC6;6;INC;CARREFOUR;Salguero (6);Salguero 3737 ;Palermo ;CABA1;CABA
INC11;11;INC;CARREFOUR;San Miguel (11);Ruta 8 y Ruta 202;Paternal;CABA2;CABA
INC15;15;INC;CARREFOUR;San Martin(15);Av. San Martin 420 ;San Martin;CABA1;CABA
INC26;26;INC;CARREFOUR;Warnes (26);Av. Warnes 2707 (26);Paternal;CABA1;CABA
INC30;30;INC;CARREFOUR;Mataderos (30);Av. Gral. Paz 12952;Mataderos;CABA1;CABA
INC115;115;INC;CARREFOUR;Flores (115);AV. RIVADAVIA 6538;Flores;CABA2;CABA
INC116;116;INC;CARREFOUR;Avenida (116);Av Santa Fe 1954 ;Barrio Norte;CABA2;CABA
INC120;120;INC;CARREFOUR;Cabildo (120);Cabildo 2400 ;Nuñez;CABA1;CABA
INC148;148;INC;CARREFOUR;9 de Julio (148);Rivadavia 999 ;Monserrat;CABA2;CABA
INC150;150;INC;CARREFOUR;Vidt (150);Av Santa Fe 3300 ;Vidt ;CABA2;CABA
INC151;151;INC;CARREFOUR;Uriburu (151);Av. Rivadavia 2243;Balvanera ;CABA2;CABA
INC182;182;INC;CARREFOUR;Juramento (182);Juramento 2971 ;Cap. Fed.;CABA1;CABA
INC189;189;INC;CARREFOUR;Corrientes (189);Av. Corrientes  1160;CABA ;CABA2;CABA
INC195;195;INC;CARREFOUR;Olazabal (195);OLAZABAL 4732 ;V. Urquiza;CABA1;CABA
INC198;198;INC;CARREFOUR;Cabildo Express (198);CABILDO 3190;Belgrano ;CABA1;CABA
INC205;205;INC;CARREFOUR;Palomar (205);Los Ceibos 233;Palomar ;CABA2;CABA
INC206;206;INC;CARREFOUR;Berutti (206);Austria y Berutti ;Barrio Norte;CABA2;CABA
INC214;214;INC;CARREFOUR;Devoto (214);J.P. Varela 4700 ;Devoto;CABA1;CABA
INC215;215;INC;CARREFOUR;Palermo (215);Scalabrini Ortiz 1850 ;Palermo ;CABA2;CABA
INC219;219;INC;CARREFOUR;Caballito (219);Av. Donato Alvarez 1351;Caballito;CABA1;CABA
INC220;220;INC;CARREFOUR;Villa Urquiza (220);AV.ROOSVELT 5749;Villa Urquiza;CABA1;CABA
INC237;237;INC;CARREFOUR;Villa del Parque (237);NAZCA 2951;Villa Del Parque ;CABA1;CABA
INC258;258;INC;CARREFOUR;Villa Pueyrredon (258);MOSCONI 2861;Villa Pueyrredon ;CABA1;CABA
INC271;271;INC;CARREFOUR;Monroe (271);Monroe 1600 ;Nuñez;CABA1;CABA
INC277;277;INC;CARREFOUR;Soler (277);Scalabrini Ortiz 3100 ;Palermo;CABA2;CABA
INC510;510;INC;CARREFOUR;Almagro (510);Diaz Velez y Medrano;Almagro;CABA2;CABA
INC178;178;INC;CARREFOUR;Catamarca (178);HIPOLITO YRIGOYEN 1283;Catamarca;INT10;CATAMARCA
INC44;44;INC;CARREFOUR;Resistencia (44);AV AVALOS ;Resistencia;INT11;CHACO
INC45;45;INC;CARREFOUR;Trelew 3 (45);25 de Mayo e/Corrientes y Mejico;Trelew;INT15;CHUBUT
INC146;146;INC;CARREFOUR;Trelew (146);RIVADAVIA Y 9 DE JULIO;Trelew;INT15;CHUBUT
INC162;162;INC;CARREFOUR;Hiper Trelew (162);SOBERANIA NACIONAL 140;Trelew;INT15;CHUBUT
INC9;9;INC;CARREFOUR;Colon (9);COLON 4480;Cordoba;INT16;CORDOBA
INC24;24;INC;CARREFOUR;Cba. Jardin (24);Ohigginns 3765;Cordoba;INT16;CORDOBA
INC50;50;INC;CARREFOUR;Recta (50);Recta Martinolli 7500;Cordoba;INT16;CORDOBA
INC54;54;INC;CARREFOUR;Villa Allende (54);Av. Río de Janeiro. Esq. Mendoza;Cordoba;INT16;CORDOBA
INC228;228;INC;CARREFOUR;Elcano (228);Elcano 3380 ;Cordoba;INT16;CORDOBA
INC295;295;INC;CARREFOUR;Granaderos (295);Bv. Granaderos 2906;Cordoba;INT16;CORDOBA
INC707;707;INC;MAXICARREFOUR;Cordoba (707);Juan B. Justo 4775;Cordoba;INT16;CORDOBA
INC110;110;INC;CARREFOUR;Corrientes (110);Junin 1336;Corrientes;INT19;CORRIENTES
INC159;159;INC;CARREFOUR;Hiper Corrientes (159);AV.PEDRO FERRE Y CHACABUCO;Corrientes;INT19;CORRIENTES
INC125;125;INC;CARREFOUR;Uruguay (125);Uruguay 35 ;Paraná;INT23;ENTRE RIOS
INC138;138;INC;CARREFOUR;Concordia 2 (138);Entre Rios 635;Concordia;INT21;ENTRE RIOS
INC181;181;INC;CARREFOUR;Parque (181);Santa Fe 606 ;Paraná;INT23;ENTRE RIOS
INC233;233;INC;CARREFOUR;Concordia (233); AV PERON 2250;Concordia;INT21;ENTRE RIOS
INC240;240;INC;CARREFOUR;Gualeguaychu (240);1ra junta y rta 136 ;Gualeguaychu;INT22;ENTRE RIOS
INC243;243;INC;CARREFOUR;San Juan (243);San Juan 609;Paraná;INT23;ENTRE RIOS
INC244;244;INC;CARREFOUR;Hirigoyen (244);Hirigoyen 223 ;Paraná;INT23;ENTRE RIOS
INC249;249;INC;CARREFOUR;America (249);Av de las Americas 1731 ;Paraná;INT23;ENTRE RIOS
INC262;262;INC;CARREFOUR;Mini Parana (262);Gral Jose M Paz 1303 ;Paraná;INT23;ENTRE RIOS
INC263;263;INC;CARREFOUR;Cnel. Diaz (263);Santo Domingo 618 ;Paraná;INT23;ENTRE RIOS
INC264;264;INC;CARREFOUR;Mexico (264);Mejico esq Tucuman ;Paraná;INT23;ENTRE RIOS
INC266;266;INC;CARREFOUR;Don Bosco (266);Don Bosco y Suipacha ;Paraná;INT23;ENTRE RIOS
INC122;122;INC;CARREFOUR;Belgrano (122);BELGRANO 823 (122);Jujuy;INT24;JUJUY
INC167;167;INC;CARREFOUR;Balcarce (167);BALCARCE 408 (167);Jujuy;INT24;JUJUY
INC168;168;INC;CARREFOUR;19 de Abril (168);19 DE ABRIL 779 (168);Jujuy ;INT24;JUJUY
INC17;17;INC;CARREFOUR;Guaymallen (17);Av. Acc. Este lat. sur  E/Rondeau y Urquiza;Mendoza;INT28;MENDOZA
INC29;29;INC;CARREFOUR;Azul (29);Las Heras 798 y Belgrano;Mendoza;INT28;MENDOZA
INC59;59;INC;CARREFOUR;Godoy Cruzz (59);Av. San Martin 189;Mendoza;INT28;MENDOZA
INC282;282;INC;CARREFOUR;Colon (234);COLON 324;Mendoza;INT28;MENDOZA
INC283;283;INC;CARREFOUR;Las Heras (283);LAS HERAS 306;Mendoza;INT28;MENDOZA
INC287;287;INC;CARREFOUR;Suipacha (287);Suipacha 556;Mendoza;INT28;MENDOZA
INC290;290;INC;CARREFOUR;Bombal (290);FRAY LUIS BELTRAN 1858/64;Mendoza;INT28;MENDOZA
INC53;53;INC;CARREFOUR;Nequen 1(53);Antartida Argentina Esq. Moritan;Neuquen;INT32;NEUQUEN
INC157;157;INC;CARREFOUR;Neuquen 2(157);Olascoaga 350 ;Neuquen;INT32;NEUQUEN
INC112;112;INC;CARREFOUR;20 de Febrero;20 de Febrero 37;Salta;INT37;SALTA
INC171;171;INC;CARREFOUR;Balcarce;Balcarce 585;Salta;INT37;SALTA
INC175;175;INC;CARREFOUR;Entre Rios;Av. Entre Rios y Junin;Salta;INT37;SALTA
INC123;123;INC;CARREFOUR;San Juan (123);GENERAL ACHA 32;San Juan;INT38;SAN JUAN
INC137;137;INC;CARREFOUR;San Luis (137);Pringles 963;San Luis;INT39;SAN LUIS
INC235;235;INC;CARREFOUR;v. Mercedes (235);25 DE MAYO ;V.Mercedes;INT40;SAN LUIS
INC18;18;INC;CARREFOUR;Fisherton (18);Circunvalacio 1997 ;Rosario Norte;INT43;SANTA FE
INC32;32;INC;CARREFOUR;Rosario Centro (32);Av. Pellegrini 3250;Rosario Centro;INT43;SANTA FE
INC33;33;INC;CARREFOUR;Rosario Sur (33);NECOCHEA  2579 ;Rosario Sur;INT43;SANTA FE
CER1;1;CER;CEREALES;Unica (1) ;;San Rafael;INT29;MENDOZA
NIN1;1;NIN;NINI;Central (1);Av. 520 y Calle 25;La Plata;ZS;AMBA
CHM1013;1013;CHM;CHANGO MAS;Tigre (1013);Colombia 1212;Tigre ;ZN1;AMBA
CHM1016;1016;CHM;CHANGO MAS;Moron (1016);Don Bosco 5635;Moron;ZO;AMBA
CHM1029;1029;CHM;CHANGO MAS;Roca (1029);AV. ROCA 3500;Moreno ;ZO;AMBA
CHM1032;1032;CHM;CHANGO MAS;Malvinas (1032);Yatasto 198;Malvinas;ZO;AMBA
CHM1035;1035;CHM;CHANGO MAS;3 de Febrero (1035);Av. Pte. J.D.Peron 9150;3 De Febrero ;ZN;AMBA
CHM1036;1036;CHM;CHANGO MAS;Moreno Shoping (1036);MARTINEZ MELO 1051;Moreno ;ZO;AMBA
CHM1037;1037;CHM;CHANGO MAS;San Martin (1037);ESTRADA 3072;San Martin;ZN1;AMBA
CHM1045;1045;CHM;CHANGO MAS;Hurlingham (1045);Vergara 2950;Hurlingham ;ZO;AMBA
CHM1050;1050;CHM;CHANGO MAS;Lanus (1050);Bv de los italianos 321;Lanus;ZS;AMBA
CHM1059;1059;CHM;CHANGO MAS;Catan (1059);RUTA 3 KM 30;Gonzalez Catan;ZO;AMBA
CHM1076;1076;CHM;CHANGO MAS;Lomas (1076);Cerrito s/n Esq. Ruben Dario;Lomas De Zamora;ZS;AMBA
CHM1110;1110;CHM;CHANGO MAS;Claypole (1110);Av. Lacaze 3963;Claypole;ZS;AMBA
CHM1119;1119;CHM;CHANGO MAS;Moreno Derqui (1119);AV DERQUI  5798;Moreno;ZN1;AMBA
CHM1027;1027;CHM;CHANGO MAS;Mataderos ;Eva Peron 5526;Mataderos ;CABA1;CABA
CHM1028;1028;CHM;CHANGO MAS;Almirante Brow (1028);Espora 2074 ;Cap.Fed;CABA2;CABA
CHM1026;1026;CHM;CHANGO MAS;Catamarca (1026);Av. Acosta Villafañe 2420;Catamarca;INT10;CATAMARCA
CHM1042;1042;CHM;CHANGO MAS;Trelew (1042);Eva Peron Ruta Nac. 3 Km 19;Trelew;INT15;CHUBUT
CHM1056;1056;CHM;CHANGO MAS;Villa Maria (1056);Nicanor Carranza 980;Villa Maria;INT18;CORDOBA
CHM1060;1060;CHM;CHANGO MAS;Fuerza Aerea (1060);Av. Fuerza Aerea 4372;Cordoba;INT16;CORDOBA
CHM1097;1097;CHM;CHANGO MAS;Donato Alvarez (1097);Av. Donato Alvarez 8600;Cordoba;INT16;CORDOBA
CHM1085;1085;CHM;CHANGO MAS;Corrientes (1085);Av. Maipu 2003;Corrientes;INT19;CORRIENTES
CHM1039;1039;CHM;CHANGO MAS;Parana (1039);Av Blas Parera 1152;Paraná;INT23;ENTRE RIOS
CHM1031;1031;CHM;CHANGO MAS;Jujuy (1031);Riobamba y Rta 9;Jujuy;INT24;JUJUY
CHM1015;1015;CHM;CHANGO MAS;Maipu (1015);Maza 470;Mendoza;INT28;MENDOZA
CHM1067;1067;CHM;CHANGO MAS;San Martin MZA (1067);Av. Boulogne Sur Mer 700;Mendoza;INT28;MENDOZA
CHM1051;1051;CHM;CHANGO MAS;Posadas (1051);Av. Tambor de Tacuari 5158;Posadas;INT31;MISIONES
CHM1021;1021;CHM;CHANGO MAS;Neuquen (1021);BELGRANO 2735;Neuquen;INT32;NEUQUEN
CHM1038;1038;CHM;CHANGO MAS;Cipoletti (1038);Bolivia 1169;Cipóletti;INT34;RIO NEGRO
CHM1011;1011;CHM;CHANGO MAS;Salta (1011);Av. Paraguay 1450;Salta;INT37;SALTA
CHM1075;1075;CHM;CHANGO MAS;Salta F. Aerea (1075);Av. Fuerza Aerea s/n y Aguas Blancas;Salta;INT37;SALTA
CHM1081;1081;CHM;CHANGO MAS;Rawson San Juan (1081);Dr. Ortega  y Las Vicentinas;San Juan;INT38;SAN JUAN
CHM1055;1055;CHM;CHANGO MAS;V. Mercedes (1055);Av. J.D.Peron 825;V.Mercedes;INT40;SAN LUIS
CHM1012;1012;CHM;CHANGO MAS;Santiago (1012);Av. Belgrano Sud 2663;Santiago Del Estero;INT45;SANTIAGO DEL ESTERO
CHM1080;1080;CHM;CHANGO MAS;Sgo. Del Estero Sur (1080);Av. Circunvalacion y Av. Contreras;Santiago Del Estero;INT45;SANTIAGO DEL ESTERO
CHM1082;1082;CHM;CHANGO MAS;Tucuman Av. Jujuy (1082);AV Jujuy y Democracia;Tucumán;INT48;TUCUMAN
COM1;1;COM;COMODIN;Necochea (1);Necochea 455;Jujuy;INT24;JUJUY
COM11;11;COM;COMODIN;Illia (146);Av illia 146;Jujuy;INT24;JUJUY
COM14;14;COM;COMODIN;Corrientes (14);Corrientes 3141;Jujuy;INT24;JUJUY
COM15;15;COM;COMODIN;Ruta 66 (15);Ruta 66 km 5;Jujuy;INT24;JUJUY
COM16;16;COM;COMODIN;Balbin (16);Balbin 2228;Jujuy;INT24;JUJUY
COM17;17;COM;COMODIN;Exodos (17);Av el Exodo esq Dorrego;Jujuy;INT24;JUJUY
COM2;2;COM;COMODIN;Mayorista (2);Corrientes 2380;Jujuy;INT24;JUJUY
COM2;2;COM;COMODIN;Güemes (2);Guemes 1178;Jujuy;INT24;JUJUY
COM24;24;COM;COMODIN;Juan b. Justo (24);Av. Juan B. Justo 1100;Tucumán;INT48;TUCUMAN
COM25;25;COM;COMODIN;Alem (25);Av. Alem 1796;Tucumán;INT48;TUCUMAN
COM26;26;COM;COMODIN;Roca (26);Av. Roca 3057;Tucumán;INT48;TUCUMAN
COM3;3;COM;COMODIN;Carrillo (3);Carrillo 371;Jujuy;INT24;JUJUY
COM5;5;COM;COMODIN;Rocha (5);Rocha Salarzano 950;Jujuy;INT24;JUJUY
COM7;7;COM;COMODIN;Undeano (7);Undeano 989;Jujuy;INT24;JUJUY
COO1;1;COO;COOPERATIVA;San Martin (1);San Martin 3634;San Isidro;ZN1;AMBA
COO100;100;COO;COOPERATIVA;Plotier (100);Batilana  211 ;Neuquen;INT32;NEUQUEN
COO113;113;COO;COOPERATIVA;Neuquen 2 (113);El Chocon 644;Neuquén;INT32;NEUQUEN
COO12;12;COO;COOPERATIVA;Paraguay (12);Paraguay 455;Resistencia;INT11;CHACO
COO15;15;COO;COOPERATIVA;Alsina (15);Aalsina 645 (15);Moreno;ZO;AMBA
COO18;18;COO;COOPERATIVA;Roca (18);Roca 34;Salta;INT37;SALTA
COO2;2;COO;COOPERATIVA;Washigton (2);Whashigton 437;San Justo;ZO;AMBA
COO23;23;COO;COOPERATIVA;Thomposin (23);Thompson 1133;San Juan;INT38;SAN JUAN
COO28;28;COO;COOPERATIVA;Guatemala (28);Guatemala 533;Escobar;ZN2;AMBA
COO32;32;COO;COOPERATIVA;Rincon (32);Rincon 3490;Rosario Norte;INT43;SANTA FE
COO35;35;COO;COOPERATIVA;Charlone (35);Charlone 253;Bahia Blanca;INT04;BUENOS AIRES
COO4;4;COO;COOPERATIVA;Avellaneda (4);Avellaneda 826;Moron;ZO;AMBA
COO46;46;COO;COOPERATIVA;M. Rodriguez (46);M. Rodriguez 1446;Quilmes;ZS;AMBA
COO5;5;COO;COOPERATIVA;Belgrano (5);Belgrano 45;Neuquén;INT32;NEUQUEN
COO50;50;COO;COOPERATIVA;Pringles (50);Pringles 50;Rio Iv;INT17;CORDOBA
COO51;51;COO;COOPERATIVA;Gral Paz (51);General Paz 249;Pilar  ;ZN2;AMBA
COO53;53;COO;COOPERATIVA;Yrigoyen (53);Hipolito Yrigoyen 361;Bahia Blanca;INT04;BUENOS AIRES
COO54;54;COO;COOPERATIVA;14 de Julio (54);14 de Julio 4099;Mar Del Plata;INT01;BUENOS AIRES
COO6;6;COO;COOPERATIVA;9 de Julio (6);9 DE JULIO 136 (6);Mendoza;INT28;MENDOZA
COO69;69;COO;COOPERATIVA;Centenario 1 (69);Honduras 1111;Neuquen;INT32;NEUQUEN
COO70;70;COO;COOPERATIVA;Cententario 2 (70);Ing. Ballester 740;Neuquen;INT32;NEUQUEN
COO71;71;COO;COOPERATIVA;Centenario 3 (71);San Martin 245;Neuquen;INT32;NEUQUEN
COO84;84;COO;COOPERATIVA;Piuquen (84);Piuquen 1780;Neuquén;INT32;NEUQUEN
COR1;1;COR;CORDIEZ;Aaron Castellanos (1);Aarón Castellanos 1955;Cordoba;INT16;CORDOBA
COR2;2;COR;CORDIEZ;Arguello (2);AV. DONATO ALVAREZ 8400;Cordoba;INT16;CORDOBA
COR3;3;COR;CORDIEZ;Carola Lorenzini (3);"Av. Fuerza Aérea, Bº Carola Lorenzini Nº 1902";Cordoba;INT16;CORDOBA
COR4;4;COR;CORDIEZ;Centro (4);Av. Vélez Sarsfield 332;Cordoba;INT16;CORDOBA
COR5;5;COR;CORDIEZ;Villa Allende (5);Av. Goycoechea Esq. 9 de Julio ;Cordoba;INT16;CORDOBA
COT2;2;COT;COTO;San Martin (2);AV SAN MARTIN 2095 ;Paternal ;CABA1;CABA
COT7;7;COT;COTO;San Cristobal (7);AV. JUAN DE GARAY 2700;San Cristobal;CABA2;CABA
COT19;19;COT;COTO;Constitucion (19);Av. Lima 1553;CABA;CABA2;CABA
COT22;22;COT;COTO;Elcano (22);ELCANO 3000;CABA;CABA1;CABA
COT24;24;COT;COTO;Scalabrini (24);SCALABRINI ORTIZ 1688;CABA;CABA1;CABA
COT25;25;COT;COTO;San Telmo (25);PERU 1496;Peru ;CABA2;CABA
COT38;38;COT;COTO;Florida (38);San Martin 3100;Florida ;CABA2;CABA
COT40;40;COT;COTO;Eva Peron (40);Eva Peron 2200;CABA;CABA1;CABA
COT41;41;COT;COTO;Diaz Velez (41);Diaz Velez ;CABA;CABA2;CABA
COT42;42;COT;COTO;Paraguay (42);Paraguay 2672;CABA;CABA1;CABA
COT43;43;COT;COTO;Boedo (43); Av. Boedo 772 ;CABA;CABA2;CABA
COT44;44;COT;COTO;Monroe (44);Monroe 3200;Belgrano ;CABA1;CABA
COT45;45;COT;COTO;Cabildo 454 (45);Cabildo 545 ;Belgrano ;CABA1;CABA
COT46;46;COT;COTO;Once (46);Av. Rivadavia 2846;Once;CABA2;CABA
COT47;47;COT;COTO;Amenabar (47);Amenabar 2134 ;Belgrano ;CABA1;CABA
COT48;48;COT;COTO;Directorio (48);Av. Directorio 2647 ;CABA;CABA1;CABA
COT51;51;COT;COTO;Ramos (51);Av. Rivadavia 13810;Ramos Mejia ;ZO;AMBA
COT52;52;COT;COTO;Sanabria (52);Sanabria 3320;Devoto ;CABA1;CABA
COT53;53;COT;COTO;Santos Lugares (53);Av La Plata 3635;Santos Lugares ;ZO;AMBA
COT55;55;COT;COTO;Avellaneda (55);Av. Avellaneda 3758;Flores ;CABA2;CABA
COT56;56;COT;COTO;Honduras (56);Honduras 3862 ;CABA;CABA2;CABA
COT57;57;COT;COTO;San Martin (57);San Martin 122;San Martin ;ZN1;AMBA
COT58;58;COT;COTO;Viamonte (58);VIAMONTE  1571;CABA;CABA1;CABA
COT59;59;COT;COTO;Urquiza (59);Monroe 5055;CABA;CABA1;CABA
COT60;60;COT;COTO;Alberdi (60);Av. Alberdi 1737;Flores ;CABA1;CABA
COT61;61;COT;COTO;Spinetto (61);Alsina 2300 ;Spinetto ;CABA2;CABA
COT63;63;COT;COTO;Pompeya (63);Del Barco Centenera 3402 ;Pompeya ;CABA1;CABA
COT64;64;COT;COTO;Sarandi (64);Av.Mitre 3300 ;Sarandi ;ZS;AMBA
COT65;65;COT;COTO;Quilmes Hirigoyen (65);H Hirigoyen 380;Quilmes ;ZS;AMBA
COT66;66;COT;COTO;Maure (66);Maure 1725 ;Belgrano ;CABA1;CABA
COT67;67;COT;COTO;Acassuso (67);Arbarellos;Acassuso ;ZN1;AMBA
COT68;68;COT;COTO;Las Lomas (68);Jorge Newbery 555;San Isidro ;ZN1;AMBA
COT69;69;COT;COTO;Punta Chica (69);Av. Del Libertador 18213;San Fernando ;ZN1;AMBA
COT70;70;COT;COTO;Lasalle (70);Lasalle 653;San Isidro ;ZN1;AMBA
COT71;71;COT;COTO;Olivos (71);AV. LIBERTADOR 3100 ;Olivos ;ZN1;AMBA
COT74;74;COT;COTO;Gallo (74);GALLO 250;CABA;CABA2;CABA
COT75;75;COT;COTO;Lanus (75);Av.rivadavia 2002;Lanus;ZS;AMBA
COT78;78;COT;COTO;Pichincha (78);Mexico 2236;CABA;CABA2;CABA
COT80;80;COT;COTO;French (80);French 2417 ;CABA;CABA2;CABA
COT82;82;COT;COTO;Malabia (82);MALABIA 103;CABA;CABA2;CABA
COT83;83;COT;COTO;Villa Luro (83);Av. Rivadavia 9840 ;Villa Luro ;CABA2;CABA
COT84;84;COT;COTO;Castro Barros (84);CASTRO BARROS 24;CABA;CABA2;CABA
COT85;85;COT;COTO;Mataderos (85);E. PERON 4730;Mataderos ;CABA1;CABA
COT88;88;COT;COTO;Caballito (88);AV LA PLATA 541;Caballito ;CABA1;CABA
COT90;90;COT;COTO;Devoto (90);Segurola 1701 ;Devoto ;CABA1;CABA
COT91;91;COT;COTO;Abasto (91);Agüero 616 ;Abasto ;CABA2;CABA
COT92;92;COT;COTO;Vte. Lopez (92);Maipu 1758;Vte López ;ZN1;AMBA
COT94;94;COT;COTO;Tapiales (94);BOULOGN E SUR MER Y AU.DELLEPIANE;Tapiales;CABA1;CABA
COT95;95;COT;COTO;Mendoza (95);Mendoza 3900;Rosario;INT43;SANTA FE
COT96;96;COT;COTO;Fisherton (96);Fisherton ;Rosario;INT43;SANTA FE
COT97;97;COT;COTO;Urquiza (97);Urquiza 1644 ;Rosario;INT43;SANTA FE
COT99;99;COT;COTO;Tres de Febrero (99);Tres de Febrero 1602 ;Rosario;INT43;SANTA FE
COT101;101;COT;COTO;Avellaneda (101);ITALIA 62;Avellaneda;ZS;AMBA
COT103;103;COT;COTO;Gaona (103);Av. Gaona 1950 ;CABA;CABA1;CABA
COT104;104;COT;COTO;Quilmes (104);12 DE OCTUBRE 3054;Quilmes ;ZS;AMBA
COT105;105;COT;COTO;Monte Grande (105);BOULEVAR  BUENOS AIRES 710;Monte Grande;ZS;AMBA
COT107;107;COT;COTO;Temperley (107);H.yrigoyen 10.699;Temperley;ZS;AMBA
COT108;108;COT;COTO;Cabildo 4100 (108);Cabildo 4100 ;Belgrano ;CABA1;CABA
COT109;109;COT;COTO;Parana (109);C. Piran 801;Parana ;INT23;ENTRE RIOS
COT110;110;COT;COTO;Lugano (110);Soldado de la Frotera 5258;Lugano ;CABA2;CABA
COT111;111;COT;COTO;Balbin (111);Av. Balbin 2030;San Martin ;ZN1;AMBA
COT117;117;COT;COTO;Campana (117);Juan Manuel Estrada 878;Campana;ZN2;AMBA
COT118;118;COT;COTO;Santa Fe (118);Av. Rivadavia 3396 ;Santa Fe;INT42;SANTA FE
COT121;121;COT;COTO;Larrazabal (121);LARRAZABAL 3443;Mataderos ;CABA1;CABA
COT123;123;COT;COTO;Bella Vista (123);O`HIGGINS 1280;Bella Vista ;ZN2;AMBA
COT124;124;COT;COTO;San Juan (124);SAN JUAN 2168;CABA;CABA2;CABA
COT125;125;COT;COTO;Monte Castro (125);Lope de Vega 1742;Monte Castro ;CABA2;CABA
COT129;129;COT;COTO;Ciudadela (129);Comesaña 4056;Ciudadela;ZO;AMBA
COT130;130;COT;COTO;Bernal (130);Av. Dardo Rocha 251;Bernal;ZS;AMBA
COT131;131;COT;COTO;Jose Paz (131);H. Irigoyen 1826;José C. Paz ;ZO;AMBA
COT136;136;COT;COTO;Goyena (136);PEDRO GOYENA 55;CABA;CABA1;CABA
COT149;149;COT;COTO;La Plata (149);Av. 520 y Calle 25;La Plata ;ZS;AMBA
COT151;151;COT;COTO;Asamblea (151);AV ASAMBLEA 1176 ;CABA;CABA2;CABA
COT153;153;COT;COTO;Jonte (153);Av. Álvarez Jonte 2502;Paternal;CABA1;CABA
COT154;154;COT;COTO;Escobar (154);Av. Tapia de Cruz 420;Escobar ;ZN2;AMBA
COT158;158;COT;COTO;Charcas (158);Charcas 2972;CABA;CABA1;CABA
COT159;159;COT;COTO;Mitre (159);B.MITRE 1554;CABA;CABA1;CABA
COT160;160;COT;COTO;Retiro (160);AV Antartida Argentina1160;Retiro;CABA2;CABA
COT163;163;COT;COTO;Junin (163);JUNIN 1073;CABA;CABA2;CABA
COT164;164;COT;COTO;Canning (164);Jose Hernandez 2955;Easy Canning;ZS;AMBA
COT165;165;COT;COTO;Shoping (165);Junin y Thedy;Rosario;INT43;SANTA FE
COT167;167;COT;COTO;Nazca (167);Av. Nazca 1244;Floresta;CABA1;CABA
COT168;168;COT;COTO;Villa Crespo (168);CORRIENTES 5748 ;Villa Crespo;CABA1;CABA
COT170;170;COT;COTO;Nuñez (170);LIBERTADOR 6800 ;Nuñez ;CABA1;CABA
COT171;171;COT;COTO;Tristan Suarez (171);Av.sarmiento 524(ruta 205);Tristan Suarez;ZS;AMBA
COT174;174;COT;COTO;Urquiza (174);CULLEN 500;Urquiza ;CABA1;CABA
COT175;175;COT;COTO;Balvanera (175);AV PERON 2070;Balvanera ;CABA2;CABA
COT176;176;COT;COTO;Teodoro (176);TEODORO GARCIA 2419 ;CABA;CABA1;CABA
COT179;179;COT;COTO;Santa Fe Puerto (179);27 de Febrero 2320;Santa Fe;INT42;SANTA FE
COT180;180;COT;COTO;San Pedrito (180);SAN PEDRITO 72 ;CABA;CABA1;CABA
COT181;181;COT;COTO;Saavedra (181);Av. Balbin  4000 ;Saavedra ;CABA1;CABA
COT183;183;COT;COTO;Tortugas (183);H.yrigoyen 8.025;Tortugas;ZN2;AMBA
COT184;184;COT;COTO;Tortiguitas (184);PANAM. KM 37.;Tortuguitas ;ZN2;AMBA
COT185;185;COT;COTO;Neuquen  (185);Ruta Pcial Nro 7 y Doctor Ramón ;Neuquen ;INT32;NEUQUEN
COT186;186;COT;COTO;Escalada (186);Av.h.yrigoyen 6174;Escalada;ZS;AMBA
COT188;188;COT;COTO;Munro (188);Av. Mitre 3300;Munro ;ZN;AMBA
COT189;189;COT;COTO;Ezeiza (189);Ruta nac.205 y ruta 52;Ezeiza;ZS;AMBA
COT192;192;COT;COTO;La Horqueta (192);Uruguay 4691;San Fernando ;ZN1;AMBA
COT197;197;COT;COTO;Garin (197);Av Gral Belgrano 950;Garin ;ZN2;AMBA
COT199;199;COT;COTO;Castelar (199);Av. Santa Rosa 1753;Castelar ;ZO;AMBA
COT203;203;COT;COTO;Botanico (203);Av. Santa Fe 3760;Botanico ;CABA1;CABA
COT208;208;COT;COTO;Padua (208);Juan Domingo Peron 24080;Padua ;ZN1;AMBA
COT209;209;COT;COTO;Mendoza (209);Av. Peru y Carlos Pelegrini;Mendoza ;INT28;MENDOZA
COT215;215;COT;COTO;Moron (215);Juan jose Valle 51;Moron ;ZO;AMBA
COT219;219;COT;COTO;Moreno (219);Av Victorica 660;Moreno ;ZO;AMBA
COT220;220;COT;COTO;Barracas (220);MARTIN GARCIA 749;Barracas ;CABA2;CABA
COT235;235;COT;COTO;Quilmes H. Primo (235);H primo 165;Quilmes ;ZS;AMBA
DAR1;1;DAR;DAR;Francia (1);Francia 2671;Santa Fe;INT42;SANTA FE
DAR2;2;DAR;DAR;San Jeronimo (2);SAN JERÓNIMO 2475;Santa Fe;INT42;SANTA FE
DAR3;3;DAR;DAR;San Jeronimo 2 (3);SAN JERONIMO 2100;Santa Fe;INT42;SANTA FE
DAR4;4;DAR;DAR;Francia 2 (4);FRANCIA 2350;Santa Fe;INT42;SANTA FE
DAR5;5;DAR;DAR;Pellegrini (5);Bv. Pellegrini 3449;Santa Fe;INT42;SANTA FE
DAR6;6;DAR;DAR;Blas Parera (6);Blas Parera 8901;Santa Fe;INT42;SANTA FE
DAR7;7;DAR;DAR;Regimiento (7);Regimento 12 de Infanteria 4278;Santa Fe;INT42;SANTA FE
DAR8;8;DAR;DAR;Lisandro de la Torre (8);San Jeronimo y Lisandro de la Torre;Santa Fe;INT42;SANTA FE
DDI1;1;DDI;DDI;Eva Peron (1);Eva Perón y San Jerónimo;Santa Fe;INT42;SANTA FE
DDI2;2;DDI;DDI;Castelli (2);Castelli 1953;Santa Fe;INT42;SANTA FE
DDI3;3;DDI;DDI;San Lorenzo (3);San Lorenzo 1501;Santa Fe;INT42;SANTA FE
DDI4;4;DDI;DDI;Zeballos (4);Estanislao Zeballos 3473;Santa Fe;INT42;SANTA FE
DEP1;1;DEP;Delca Pintos;Central (1);Av. Gral. Paz 5374;Santa Fe;INT42;SANTA FE
DIAR0;0;DIAR;DIARCO;Santiago;Ruta Nacional N° 9 Km 1141 y rotonda Ruta Nacional N°64;Santiago Del Estero;INT45;SANTIAGO DEL ESTERO
DIAR1;1;DIAR;DIARCO;Mercado Central (1);Av. Circunvalacion e/Los Tallos y los Frutos;Villa Celina;CABA2;CABA
DIAR2;2;DIAR;DIARCO;Posadas (2);Uruguay 6001;Posadas;INT31;MISIONES
DIAR3;3;DIAR;DIARCO;Trelew (3);Av. Eva Perón 2400 y Ruta Provincial N° 7;Trelew;INT15;CHUBUT
DIAR4;4;DIAR;DIARCO;Casanova (4);"RUTA 3 KM. 24,5";I. Casanova;ZO;AMBA
DIAR5;5;DIAR;DIARCO;San Martin (5);Av. Ricardo Balbin 2886;San Martin;ZN1;AMBA
DIAR6;6;DIAR;DIARCO;Mendoza (6);Bandera de los Andes 569;San Rafael;INT29;MENDOZA
DIAR7;7;DIAR;DIARCO;Barracas (7);Av Montes de Oca 2010;Barracas;CABA2;CABA
DIAR11;11;DIAR;DIARCO;Bahia Blanca (11);Colón 2621;Bahia Blanca;INT04;BUENOS AIRES
DIAR13;13;DIAR;DIARCO;Pilar (13);"Autopista Panamericana Ramal Pilar Km 47,5";Pilar ;ZN2;AMBA
DIAR15;15;DIAR;DIARCO;Berazategui (15);Av Rigolleu 3707 (ex14);Berazategui;ZS;AMBA
DIAR16;16;DIAR;DIARCO;Corrientes (16);Ruta 12 y Cazadores Correntinos;Corrientes;INT19;CORRIENTES
DIAR24;24;DIAR;DIARCO;Lanus (24);Remedios de Escalada de San Martin 1228;Lanus;ZS;AMBA
DIAR27;27;DIAR;DIARCO;V. Mercedes (27);Ruta Nac. Nro 7 Km 694;V.Mercedes;INT40;SAN LUIS
DIAR29;29;DIAR;DIARCO;Moron (29);Cañada Juan de Ruiz 485;Morón;ZO;AMBA
DIAR35;35;DIAR;DIARCO;Concordia (35);Gregoria Perez 248;Concordia;INT21;ENTRE RIOS
DIAR36;36;DIAR;DIARCO;Parana (36);Almafuerte 5395;Paraná;INT23;ENTRE RIOS
DIAR38;38;DIAR;DIARCO;Martinez (38);Colectora Ruta Panamericana 1001;Martinez;ZN1;AMBA
DIN1;1;DIN;DINOSAURIO;Central (1);Rodriguez del Busto 4086;Cordoba;INT16;CORDOBA
DIN2;2;DIN;DINOSAURIO;Fuerza Aerea (2);Fuerza Aerea 1700;Cordoba;INT16;CORDOBA
DIS1;1;DIS;DISCO;San Isidro (1);Av .Centenario 388;San Isidro ;ZN1;AMBA
DIS2;2;DIS;DISCO;Talcahuano (2);Talcahuano 1055;Cap. Fed. ;CABA2;CABA
DIS3;3;DIS;DISCO;Camacua (03);Camacua 55;Cap. Fed. ;CABA2;CABA
DIS4;4;DIS;DISCO;Vte. Lopez (04);Av. Maipu 1819;Vte Lopez (04);ZN1;AMBA
DIS9;9;DIS;DISCO;Lomas (9);Meeks 256;Lomas De Zamora;ZS;AMBA
DIS12;12;DIS;DISCO;Sucre (12);Sucre 1836;Belgrano ;CABA2;CABA
DIS14;14;DIS;DISCO;Botanico (14);Las Heras 3900 ;Cap. Fed. (14);CABA2;CABA
DIS15;15;DIS;DISCO;Salguero (15);Salguero;Cap. Fed. ;CABA2;CABA
DIS16;16;DIS;DISCO;Paraguay (16);Paraguay 4302;Cap. Fed. (16);CABA2;CABA
DIS18;18;DIS;DISCO;Quintana (18);Quintana 366;Cap. Fed. ;CABA2;CABA
DIS22;22;DIS;DISCO;Santa Fe (22);Santa fe 3047;Cap. Fed. ;CABA2;CABA
DIS23;23;DIS;DISCO;Alto Palermo (23);Bulnes 2117;Cap. Fed. (23);CABA2;CABA
DIS25;25;DIS;DISCO;Rodriguez Peña (25);Rodriguez Peña 1430;Cap. Fed. ;CABA2;CABA
DIS26;26;DIS;DISCO;Savoy (26);Callao 35;Savoy ;CABA2;CABA
VEA479;479;VEA;VEA;Sabatini (479);AMADEO SABATINI 2176 (479);Rio Iv;INT17;CORDOBA
VEA119;119;VEA;VEA;Araoz (119);Araoz 265 ;Cordoba;INT16;CORDOBA
DIS30;30;DIS;DISCO;Rivadavia (30);Rivadavia 4900;Cap. Fed. (30);CABA1;CABA
VEA1;1;VEA;VEA;Godoy Cruz 1 (1);AV. San Martin 698                      ;Mendoza;INT28;MENDOZA
DIS35;35;DIS;DISCO;Uriburu (35);J. E. Uriburu 1230;Cap. Fed. ;CABA2;CABA
DIS37;37;DIS;DISCO;Adrogue (37);Amenedo  302;Vicente Lopez;ZS;AMBA
DIS38;38;DIS;DISCO;Arcos (38);Arcos 1914;Belgrano ;CABA2;CABA
DIS39;39;DIS;DISCO;Peña (39);Peña  3050;Cap. Fed. (39);CABA2;CABA
DIS42;42;DIS;DISCO;La Plata 1 (42);Calle 30 Nº777;La Plata;ZS;AMBA
DIS46;46;DIS;DISCO;Esmeralda (46);Esmeralda 1365;Cap. Fed. ;CABA2;CABA
DIS48;48;DIS;DISCO;Gascon (48);Gascon 600;Cap. Fed. (48);CABA2;CABA
DIS54;54;DIS;DISCO;El Cano (54);El Cano 3174;Cap. Fed. (54);CABA2;CABA
DIS55;55;DIS;DISCO;J. B. Justo (55);J.B.Justo y Santa Fe ;Mar Del Plata;INT01;BUENOS AIRES
DIS57;57;DIS;DISCO;San Luis (57);San Luis 2034 ;Mar Del Plata;INT01;BUENOS AIRES
DIS58;58;DIS;DISCO;Constitucion (58);Constitucion 6098;Mar Del Plata;INT01;BUENOS AIRES
DIS59;59;DIS;DISCO;Alberti (59);Alberti 2535 ;Mar Del Plata;INT01;BUENOS AIRES
VEA466;466;VEA;VEA;Armada Argentina (466);Armada Argentina 3344;Cordoba Capital;INT16;CORDOBA
DIS61;61;DIS;DISCO;Tortuguitas (61);Patricias Argentinas 851;Tortuguitas ;ZN2;AMBA
DIS62;62;DIS;DISCO;La Plata 3 (62);Diagonal 79 Nº962;La Plata ;ZS;AMBA
DIS107;107;DIS;DISCO;Naon (107);Naon 2142;Cap. Fed. ;CABA2;CABA
DIS111;111;DIS;DISCO;City Bell (111);C. Gral Belgrano y 15;City Bell ;ZS;AMBA
DIS112;112;DIS;DISCO;Banfield (112);VIEYTES 1042;Tablada;ZO;AMBA
DIS137;137;DIS;DISCO;Montevide (137);Montevideo 1047;Cap. Fed. ;CABA2;CABA
DIS152;152;DIS;DISCO;Ramos (152);Rivadavia 14452;Ramos Mejia   ;ZO;AMBA
DIS154;154;DIS;DISCO;Moron 2 (154);García Silva 855;Morón ;ZO;AMBA
DIS156;156;DIS;DISCO;Castelar (157);Av. Arias 3247;Castelar;ZO;AMBA
DIS161;161;DIS;DISCO;Nine (161);Gaona y Victorica ;Moreno Ii;ZO;AMBA
DIS163;163;DIS;DISCO;Bella Vista (163);Senador Morón 980;Bella Vista;ZN2;AMBA
DIS231;231;DIS;DISCO;Rawson (231);Rawson 1199;Mar Del Plata;INT01;BUENOS AIRES
DIS448;448;DIS;DISCO;Caracano (448);Av. Carcano 925;Carlos Paz;INT16;CORDOBA
VEA3;3;VEA;VEA;Guaymallen 1 (3);Godoy Cruz 3825;Mendoza;INT28;MENDOZA
DIS235;235;DIS;DISCO;La Horqueta (235);Blanco Encalada 2509;San Isidro ;ZN1;AMBA
DIS237;237;DIS;DISCO;Beiro (237);Beiro 3560;Cap. Fed. (237);CABA2;CABA
DIS247;247;DIS;DISCO;Jose M. Moreno (247);Jose .M .Moreno 300 ;Cap. Fed. (247);CABA1;CABA
VEA5;5;VEA;VEA;Guamallen 2 (5);Ignacio Molina 325;Mendoza;INT28;MENDOZA
VEA6;6;VEA;VEA;Alberdi (06);Alberdi 1363;Cap. Fed. (6);CABA1;CABA
VEA476;476;VEA;VEA;Colon 2 (476);Av. Colon 461;Cordoba Capital;INT16;CORDOBA
VEA455;455;VEA;VEA;Zanni (455);Av. Colon Esq. Pedro Zanni;Cordoba Capital;INT16;CORDOBA
VEA10;10;VEA;VEA;Larrea (10);Larrea 833;"Cap. Fed, ";CABA2;CABA
VEA13;13;VEA;VEA;Santiago (13);Av. Rivadavia y Ejercito Argentino;Santiago Del Estero;INT45;SANTIAGO DEL ESTERO
VEA437;437;VEA;VEA;Ruta 20 (437);Av. Fuerza Aerea 2080;Cordoba Capital;INT16;CORDOBA
DIS456;456;DIS;DISCO;Jesus Maria (456);Av. Olmos 43;Jesus Maria;INT16;CORDOBA
VEA14;14;VEA;VEA;Guaymallen 4 (14);Godoy Cruz 1105 ;Mendoza;INT28;MENDOZA
VEA472;472;VEA;VEA;Ipona (472);Av. Valparaiso 2048;Cordoba Capital;INT16;CORDOBA
VEA32;32;VEA;VEA;Bouchardo (32);BOUCHARDO 1654;Cordoba Capital;INT16;CORDOBA
VEA463;463;VEA;VEA;V. Maria (463);Bs As 1278;Villa Maria;INT18;CORDOBA
DIS232;232;DIS;DISCO;Villa Maria (232);BV.V.SARFIELD 411;Villa Maria;INT18;CORDOBA
DIS630;630;DIS;DISCO;Entre Rios (630);Entre Rios 361;Cap. Fed. (630);CABA2;CABA
DIS701;701;DIS;DISCO;Directorio (701);Directorio 1251;Cap. Fed. (701);CABA1;CABA
DIS490;490;DIS;DISCO;Fragueiro (490);COLON 695 ;Cordoba Capital;INT16;CORDOBA
DIS451;451;DIS;DISCO;Nuevo Centro (451);DUARTE QUIROZ 1400 (Nuevo centro);Cordoba Capital;INT16;CORDOBA
DIS740;740;DIS;DISCO;Caning (740);Pedro Preyer y Av. Cartex;Canning;ZS;AMBA
DIS916;916;DIS;DISCO;Gorostiaga (916);Gorostiaga 1636;Cap. Fed. (916);CABA2;CABA
DIS452;452;DIS;DISCO;La Falda (452);Eden 370;La Falda;INT16;CORDOBA
DIS977;977;DIS;DISCO;Cuba (977);Cuba y Echeverria;Belgrano ;CABA2;CABA
DON1;1;DON;DON EMILIO;Peron (1);Av. Peron s/n ;Villa Maria;INT18;CORDOBA
DON2;2;DON;DON EMILIO;Tucuman(2);TUCUMAN 412;Villa Maria;INT18;CORDOBA
EAS103;103;EAS;EASY;San Isidrio (103);Fondo de la Legua 2513;San Isidrio;ZN1;AMBA
EAS104;104;EAS;EASY;Lomas (104);Av. Antartida Argentina 799;Lomas De Zamora;ZS;AMBA
EAS105;105;EAS;EASY;San Martin (105);San Lorenzo 6773 ;San Martin;ZN2;AMBA
EAS106;106;EAS;EASY;Palermo (106);Av. Bulrich 345;Palermo;CABA1;CABA
EAS107;107;EAS;EASY;Quilmes (107);Calchaqui 3950;Quilmes;ZS;AMBA
EAS108;108;EAS;EASY;Moron (108);Juan Manuel de Rosas 658;Moron;ZO;AMBA
EAS110;110;EAS;EASY;Ituzaingo (110);Av. Pte. Peron 9509;Ituzaingo;ZO;AMBA
EAS111;111;EAS;EASY;Pilar (111);Las Magnolias 698;Pilar;ZN2;AMBA
EAS112;112;EAS;EASY;Alto Avellaneda (112);Av. GUEMES 861;Cordoba;INT16;CORDOBA
EAS114;114;EAS;EASY;Escobar (114);Panamericana y Ruta 25;Escobar ;ZN2;AMBA
EAS115;115;EAS;EASY;Cordoba O'higgins (115);Av. O'higgins 3853;Cordoba;INT16;CORDOBA
EAS116;116;EAS;EASY;Neuquen (116);J.J.Lastra 2400;Neuquen;INT32;NEUQUEN
EAS117;117;EAS;EASY;Tablada (117);Msor. Bufano 6050;Tablada;ZO;AMBA
EAS118;118;EAS;EASY;Rosario (118);Nansen  255;Rosario Norte;INT43;SANTA FE
EAS120;120;EAS;EASY;Cordoba J.B. Justo (120);Av. Juan B. Justo y Circunvalacion;Cordoba;INT16;CORDOBA
EAS121;121;EAS;EASY;Cordona Chateau (121);Av. Ramon Carcano 995;Cordoba;INT16;CORDOBA
EAS122;122;EAS;EASY;Godoy Cruz (122);Gdor. Gral. J. R. Balcarce 735;Mendoza;INT28;MENDOZA
EAS123;123;EAS;EASY;San Juan (123);Scalabrini Ortiz 1285;San Juan;INT38;SAN JUAN
EAS127;127;EAS;EASY;Tucuman (127);Fermin Cariola 42;Tucuman;INT48;TUCUMAN
EAS132;132;EAS;EASY;Velez (132);Av. Alvarez Jonte 6211;Liners;CABA1;CABA
EAS135;135;EAS;EASY;San Miguel (135);Ricardo Balbín 2667;San Miguel;ZO;AMBA
EAS137;137;EAS;EASY;Barracas (137);Herrera 803;Vicente Lopez;CABA2;CABA
EAS139;139;EAS;EASY;Don Torcuato (139);"Panamericana Km 25,5";Don Torcuato;ZN2;AMBA
EAS140;140;EAS;EASY;Warnes (140);Av. Warnes 2703;Paternal;CABA1;CABA
EAS141;141;EAS;EASY;Sarandi (141);Au. La Plata Km 9;Sarandi;ZS;AMBA
EAS142;142;EAS;EASY;San Justo (142);Av. Prov. Unidas y Rtda ;San Justo;ZO;AMBA
EAS143;143;EAS;EASY;Constituyentes (143);Av. De los Constituyentes 6020;Cap. Fed.;CABA1;CABA
EAS145;145;EAS;EASY;San Luis (145);25 de Mayo y Pte. Peron;San Luis;INT39;SAN LUIS
EAS146;146;EAS;EASY;Trelew (146);Hipolito Yrigoyen y Josiah Williams;Trelew;INT15;CHUBUT
EAS147;147;EAS;EASY;Escalada (147);Av. F. De La cruz 4603;Lugano;CABA2;CABA
EAS149;149;EAS;EASY;Caballito (149);Av. Rivadavia 5751;Cap.Fed;CABA2;CABA
EAS150;150;EAS;EASY;Caseros (150);Juan B. Alberdi 4950;Caseros;ZO;AMBA
EAS151;151;EAS;EASY;Salta (151);20 de Febrero 1437;Salta;INT37;SALTA
EAS156;156;EAS;EASY;Canning (156);Av. Pedro Dreyer 4670;Canning;ZS;AMBA
EAS158;158;EAS;EASY;Moreno  (158);Acc Oeste y Gragham;Moreno;ZO;AMBA
EAS164;164;EAS;EASY;Almagro (164);Av. Rivadavia 3666;Almagro;CABA1;CABA
EAS168;168;EAS;EASY;Resistencia (168);Ruta 16 y Sabin;Resistencia;INT11;CHACO
EAS169;169;EAS;EASY;Jose C. Paz (169);RUTA 8 Y 197;Jose C. Paz;ZO;AMBA
EAS170;170;EAS;EASY;Sgo. Del Estero (170);Av. Rivadavia y Ejercito Argentino;Santiago Del Estero;INT45;SANTIAGO DEL ESTERO
EAS173;173;EAS;EASY;Rio IV (173);Ruta A005 y Av. Pte. Peron;Rio Iv;INT17;CORDOBA
EAS181;181;EAS;EASY;Mar del Plata (181);Ruta 2 y Av. De la Paollera;Mar Del Plata;INT01;BUENOS AIRES
FMC10;10;FMC;FARMACITY;Carabobo (10);Rivadavia 6398 ;CABA;CABA1;CABA
FMC103;103;FMC;FARMACITY;Libertador Y Congreso (103);Av Del Libertador 6636 ;CABA;CABA1;CABA
FMC106;106;FMC;FARMACITY;Francisco Beiro 2 (106);Av. Francisco Beiró 3566 ;CABA;CABA2;CABA
FMC107;107;FMC;FARMACITY;Pedro Goyena (107);Av Pedro Goyena 701 ;CABA;CABA1;CABA
FMC112;112;FMC;FARMACITY;Av La Plata Y Rosario (La Plata 2) (112);Av. La Plata 365 ;CABA;CABA2;CABA
FMC114;114;FMC;FARMACITY;Alberdi Y Saladillo (114);Saladillo 2016 ;CABA;CABA1;CABA
FMC115;115;FMC;FARMACITY;Florida 3 (115);Florida 52 ;CABA;CABA1;CABA
FMC119;119;FMC;FARMACITY;Francisco Beiro 3 L. De Vega (119);Av. Francisco Beiró 5278 ;CABA;CABA2;CABA
FMC12;12;FMC;FARMACITY;Panama (12);Corrientes 4647 ;CABA;CABA1;CABA
FMC120;120;FMC;FARMACITY;Melincue Y Cuenca (120);Melincue 3185 ;CABA;CABA2;CABA
FMC122;122;FMC;FARMACITY;Cordoba Y Gascon (Guemes) (122);Av. Cordoba 3949;CABA;CABA1;CABA
FMC123;123;FMC;FARMACITY;Cid Campeador (123);Av. Gaona 1101 ;CABA;CABA2;CABA
FMC127;127;FMC;FARMACITY;Triunvirato 3 (127);Triunvirato 4451 ;CABA;CABA1;CABA
FMC13;13;FMC;FARMACITY;Triunvirato (13);Triunvirato 4634 ;CABA;CABA1;CABA
FMC130;130;FMC;FARMACITY;Montes De Oca Y Suarez (130);Av. Montes De Oca 894 ;CABA;CABA2;CABA
FMC133;133;FMC;FARMACITY;San Juan Y Jujuy (133);Av. San Juan 2701 ;CABA;CABA2;CABA
FMC136;136;FMC;FARMACITY;Asamblea (136);Av. Asamblea 826;CABA;CABA2;CABA
FMC137;137;FMC;FARMACITY;Mosconi Y Artigas (137);Gral. Jos‚ G. De Artigas 4;CABA;CABA2;CABA
FMC14;14;FMC;FARMACITY; Cabildo (14);Cabildo 2340 ;CABA;CABA1;CABA
FMC143;143;FMC;FARMACITY;Belgrano Y Salta (143);Av. Belgrano 1194;CABA;CABA1;CABA
FMC144;144;FMC;FARMACITY;Zabala (144);Av. Cabildo 1274;CABA;CABA1;CABA
FMC15;15;FMC;FARMACITY;Las Heras (15);Las Heras 2055 ;CABA;CABA2;CABA
FMC150;150;FMC;FARMACITY;Rivadavia Y Mercedes (150);Av. Rivadavia 8503;CABA;CABA2;CABA
FMC153;153;FMC;FARMACITY;Sarmiento Y San Martin (153);Sarmiento 481 ;CABA;CABA2;CABA
FMC17;17;FMC;FARMACITY;Once  (17);Pueyrredón 539 ;CABA;CABA2;CABA
FMC176;176;FMC;FARMACITY;Avellaneda Y Garcia Lorca (176);Federico Garc¡A Lorca 399 ;CABA;CABA2;CABA
FMC177;177;FMC;FARMACITY;Plaza Italia (177);Av. Santa Fe 4180 ;CABA;CABA1;CABA
FMC18;18;FMC;FARMACITY; Liniers  (18);Rivadavia 11420 ;CABA;CABA1;CABA
FMC180;180;FMC;FARMACITY;Alberdi Y Larrazabal (180);Av. Juan Bautista Alberdi 5801;CABA;CABA2;CABA
FMC186;186;FMC;FARMACITY;Belgrano Y Rioja (186);Av. Belgrano 3049;CABA;CABA1;CABA
FMC19;19;FMC;FARMACITY; Alsina (19);Entre Rios 196 ;CABA;CABA2;CABA
FMC192;192;FMC;FARMACITY;La Plata Y Vernet (192);Av. La Plata 1541;CABA;CABA2;CABA
FMC2;2;FMC;FARMACITY;Lavalle (2);Lavalle 919 ;CABA;CABA1;CABA
FMC20;20;FMC;FARMACITY;Florida   (20);Florida 474 ;CABA;CABA1;CABA
FMC21;21;FMC;FARMACITY;Vidt  (21);Santa Fe 3380 ;CABA;CABA2;CABA
FMC22;22;FMC;FARMACITY; Nazca (22);Rivadavia 7263 ;CABA;CABA1;CABA
FMC23;23;FMC;FARMACITY; Medrano (23);Corrientes 3930 ;CABA;CABA2;CABA
FMC24;24;FMC;FARMACITY;Larrea   (24);Santa Fe 2453 ;CABA;CABA2;CABA
FMC25;25;FMC;FARMACITY;Diagonal (25);Diag Norte 910 ;CABA;CABA1;CABA
FMC26;26;FMC;FARMACITY;Castro Barros   (26);Rivadavia 3827 ;CABA;CABA2;CABA
FMC27;27;FMC;FARMACITY;La Plata (27);Rivadavia 4455 ;CABA;CABA2;CABA
FMC28;28;FMC;FARMACITY;Rodriguez Peña (28);Santa Fe 1740 ;CABA;CABA2;CABA
FMC29;29;FMC;FARMACITY;Cuenca (29);Cuenca 3145/59 ;CABA;CABA2;CABA
FMC3;3;FMC;FARMACITY;Flores (3);Rivadavia 6882 ;CABA;CABA2;CABA
FMC30;30;FMC;FARMACITY;Sucre (30);Cabildo 1840 ;CABA;CABA1;CABA
FMC35;35;FMC;FARMACITY;Tribunales (35);Corrientes 1236 ;CABA;CABA2;CABA
FMC37;37;FMC;FARMACITY;Luis Maria Campos (37);L. M. Campos 1501 ;CABA;CABA1;CABA
FMC38;38;FMC;FARMACITY;Bustamante (38);Las Heras 2845 ;CABA;CABA2;CABA
FMC39;39;FMC;FARMACITY;Olleros (39);Olleros 1802;CABA;CABA1;CABA
FMC4;4;FMC;FARMACITY;Malabia (4);Corrientes 5288 ;CABA;CABA2;CABA
FMC44;44;FMC;FARMACITY;Uriburu (44);Rivadavia 2215 ;CABA;CABA2;CABA
FMC46;46;FMC;FARMACITY;Esmeralda (46);Santa Fe  802 ;CABA;CABA2;CABA
FMC47;47;FMC;FARMACITY;Talcahuano (47);Santa Fe 1310 ;CABA;CABA2;CABA
FMC5;5;FMC;FARMACITY;Callao (5);Corrientes 1820 ;CABA;CABA2;CABA
FMC51;51;FMC;FARMACITY;Incas (51);Triunvirato 3752 ;CABA;CABA2;CABA
FMC52;52;FMC;FARMACITY;Av De Mayo (52);Av. De Mayo 602 ;CABA;CABA2;CABA
FMC53;53;FMC;FARMACITY;Boedo (53);Boedo 955 ;CABA;CABA2;CABA
FMC54;54;FMC;FARMACITY;Nuñez (54);Av.Del Libertador 6068 ;CABA;CABA1;CABA
FMC55;55;FMC;FARMACITY;Pueyrredon 3 (55);Pueyrredon 991 ;CABA;CABA1;CABA
FMC6;6;FMC;FARMACITY;Santa Fe (6);Santa Fe 2822 ;CABA;CABA2;CABA
FMC61;61;FMC;FARMACITY;Congreso (61);Av. Callao 25;CABA;CABA2;CABA
FMC63;63;FMC;FARMACITY;El Cano (63);Av. Elcano 3102;CABA;CABA2;CABA
FMC65;65;FMC;FARMACITY;Cramer Y Olazabal (65);Av. Cramer 2301;CABA;CABA1;CABA
FMC67;67;FMC;FARMACITY;Las Heras 3  (67);Av. Las Heras 2324 ;CABA;CABA2;CABA
FMC68;68;FMC;FARMACITY;Alem (68);Alem 702 ;CABA;CABA2;CABA
FMC69;69;FMC;FARMACITY;Paroissien (69);Cabildo 4001 ;CABA;CABA1;CABA
FMC7;7;FMC;FARMACITY;Primera Junta (7);Rivadavia 5375 ;CABA;CABA2;CABA
FMC71;71;FMC;FARMACITY;Madero 2 (71); Av Juana Manso 1189 ;CABA;CABA2;CABA
FMC72;72;FMC;FARMACITY;Beiro (72);Beiro ;CABA;CABA1;CABA
FMC73;73;FMC;FARMACITY;Canning (73);Av. Cordoba 4601 ;CABA;CABA1;CABA
FMC76;76;FMC;FARMACITY;Arias (76);Cabildo 4633 ;CABA;CABA1;CABA
FMC8;8;FMC;FARMACITY;Pueyrredon (8);Pueyrredon 1845 ;CABA;CABA2;CABA
FMC82;82;FMC;FARMACITY;Cordoba Y Maipu (82);Av. Cordoba 685 ;CABA;CABA2;CABA
FMC84;84;FMC;FARMACITY;Lacarra (84);Rivadavia 8784 ;CABA;CABA2;CABA
FMC87;87;FMC;FARMACITY;Cabildo Y Quesada (87);Cabildo 2967 ;CABA;CABA1;CABA
FMC9;9;FMC;FARMACITY;Junin (9);Santa Fe 2139 ;CABA;CABA2;CABA
FMC95;95;FMC;FARMACITY;Cabildo Y Manuela Pedraza (95);Cabildo 3422 ;CABA;CABA1;CABA
FMC98;98;FMC;FARMACITY;Abasto (98);Av Corrientes 3202 ;CABA;CABA2;CABA
FER1;1;FER;FERNIPLAST;San Martin (1);San Martin 354;Cordoba;INT16;CORDOBA
FER2;2;FER;FERNIPLAST;Isabel La Catolica (2);Vives 2628;Cordoba;INT16;CORDOBA
FER3;3;FER;FERNIPLAST;Rivera Indarte (3);Rivera Indarte 3;Cordoba;INT16;CORDOBA
FER5;5;FER;FERNIPLAST;Fuerza Aerea (5);Fuerza Aerea 2530;Cordoba;INT16;CORDOBA
FRI1;1;FRI;FRIGORIFICO;Central (1);Independencia 55;Mendoza;INT28;MENDOZA
GUI1;1;GUI;GUIRAO;Central (1);Tomás Thomas 452;San Martin;INT28;MENDOZA
HER1;1;HER;HERGO;Central (1);Av. Pres. Perón 501;Mar Del Plata;INT01;BUENOS AIRES
ISI1;1;ISI;ISIS;Carranza (1);Av. Carranza  150;Villa Maria;INT18;CORDOBA
ISI2;2;ISI;ISIS;Sarmiento (2);Bv. Sarmiento 2152;Villa Maria;INT18;CORDOBA
ISI3;3;ISI;ISIS;Lopez y Planes (3);Vicente Lopez y Planes 619;Villa Maria;INT18;CORDOBA
JOS1;1;JOS;JOSIMAR;Lanus (1);Cmo. Gral. Belgrano 2979;Lanus;ZS;AMBA
JOS2;2;JOS;JOSIMAR;Piedras (2);Las piedras 2633;Lanus;ZS;AMBA
JOS3;3;JOS;JOSIMAR;Pringles (3);Pringles 1775;Lanus;ZS;AMBA
JOS4;4;JOS;JOSIMAR;Banfield (4);Roldan 365;Banfield ;ZS;AMBA
JOS5;5;JOS;JOSIMAR;Barracas (5);Montes de Oca 1123;Barracas  ;CABA2;CABA
JOS6;6;JOS;JOSIMAR;Lomas (6);Colombres 526;Lomas de Zamora;ZS;AMBA
JOS7;7;JOS;JOSIMAR;Monte Grande (7);Maximo paz 159;Monte Grande;ZS;AMBA
JOS8;8;JOS;JOSIMAR;Avellaneda (8);Ameghino 750;Avellaneda;ZS;AMBA
JBO138;138;JBO;JUMBO;Nordelta (138);Av.De Los Lagos 660;Nordelta ;ZN2;AMBA
JBO628;628;JBO;JUMBO;San Fernando (628);Av. Libertador 18210;San Fernando ;ZN1;AMBA
JBO662;662;JBO;JUMBO;Paseo del Pilar (662);Panamericana km44;Paseo Del Pilar ;ZN2;AMBA
JBO5034;5034;JBO;JUMBO;Quilmes 2 (5034);Av Mitre 1075 Bajada KM 20;Quilmes Ii;ZS;AMBA
JBO5202;5202;JBO;JUMBO;Unicenter (5202);Panamericana y Parana;Martinez ;ZN1;AMBA
JBO5204;5204;JBO;JUMBO;Lomas (5204);Av. Antartida Argentina 799;Lomas ;ZS;AMBA
JBO5205;5205;JBO;JUMBO;San Martin (5205);San Lorenzo 6773 ;San Martin ;ZN2;AMBA
JBO5207;5207;JBO;JUMBO;Quilmes (5207);Av. Calchaqui 3995;Quilmes ;ZS;AMBA
JBO5208;5208;JBO;JUMBO;Moron (5208);Av. Vergara y Aut. Del Oeste;Moron ;ZO;AMBA
JBO5211;5211;JBO;JUMBO;Pilar (5211);Las Magnolias 698;Pilar ;ZN2;AMBA
JBO5214;5214;JBO;JUMBO;Escobar (5214);Panamericana y Ruta 25;Escobar ;ZN2;AMBA
JBO5626;5626;JBO;JUMBO;Pacheco (5626);B. sur mer 1275;Pacheco ;ZN2;AMBA
JBO121;121;JBO;JUMBO;Las Heras  (121);Las Heras 2500;Cap. Fed;CABA1;CABA
JBO5201;5201;JBO;JUMBO;Escalada (5201);Av. F. De La cruz 4602;Lugano ;CABA2;CABA
JBO5206;5206;JBO;JUMBO;Palermo (5206);Burlich y Cerviño;Palermo ;CABA1;CABA
JBO5213;5213;JBO;JUMBO;Pto. Madero (5213);LOLA MORA 450;Pto Madero;CABA2;CABA
JBO5259;5259;JBO;JUMBO;Tronador (5259);Tronador Y Guevara;Cap. Fed. ;CABA2;CABA
JBO5260;5260;JBO;JUMBO;Acoyte (5260);Acoyte 702;Cap. Fed. ;CABA2;CABA
JBO5263;5263;JBO;JUMBO;J. B. Justo (5263);J.B.Justo  4700 ;Villa Crespo ;CABA2;CABA
JBO5275;5275;JBO;JUMBO;La Palmera (5275);Corrientes 449;Olivos (La Palmera);CABA2;CABA
JBO5276;5276;JBO;JUMBO;Arenales (5276);ARENALES 858;Recoleta;CABA2;CABA
JBO5961;5961;JBO;JUMBO;Pacifico (5961);Santa Fe 4701;Cap. Fed;CABA1;CABA
JBO182;182;JBO;JUMBO;Balcarce (182);Juan Ramon 897;Mendoza;INT28;MENDOZA
JBO183;183;JBO;JUMBO;Vista Pueblo (183);Av. San Martin 6279;Mendoza;INT28;MENDOZA
JBO1010;1010;JBO;JUMBO;Neuquen (1010);J.J.Lastra 2400;Neuquén;INT32;NEUQUEN
JBO5251;5251;JBO;JUMBO;Salta (5251);SARMIENTO Y ARENALES (5251);Salta;INT37;SALTA
JBO5218;5218;JBO;JUMBO;Rosario (5218);Nansen  255;Rosario Norte;INT43;SANTA FE
JBO5231;5231;JBO;JUMBO;Almagro (5231);Guardia Vieja 4558;Almagro;CABA2;CABA
JBO5257;5257;JBO;JUMBO;Tucuman (5257);Fermin Cariola 42;Tucuman;INT48;TUCUMAN
KIL1;1;KBL;KILBEL;Urquiza (1);URQUIZA 3327;Santa Fe;INT42;SANTA FE
KIL10;10;KBL;KILBEL;Uruguay (10);Uruguay 1201;Santa Fe;INT42;SANTA FE
KIL2;2;KBL;KILBEL;Gral Paz (2);Av. Gral Paz 7487;Santa Fe;INT42;SANTA FE
KIL3;3;KBL;KILBEL;Zuviria (3);Zuviria 6531;Santa Fe;INT42;SANTA FE
KIL4;4;KBL;KILBEL;Lopez y Planes (4);Lopez y Planes 4318;Santa Fe;INT42;SANTA FE
KIL5;5;KBL;KILBEL;Rioja (5);La Rioja 3800;Santa Fe;INT42;SANTA FE
KIL6;6;KBL;KILBEL;Juan de Garay (6);Juan de Garay 3321;Santa Fe;INT42;SANTA FE
KIL7;7;KBL;KILBEL;Alem (7);Av. Leandro N. Alem y Gdor. Candiotti;Santa Fe;INT42;SANTA FE
KIL8;8;KBL;KILBEL;Corrientes (8);Corrientes 2870;Santa Fe;INT42;SANTA FE
KIL9;9;KBL;KILBEL;Balcarce (9);Balcarce 1167;Santa Fe;INT42;SANTA FE
LAE14;14;LAE;LA ECONOMIA;Torres del Sol (14);Panamericana Km 50;Pilar;ZN2;AMBA
LAE15;15;LAE;LA ECONOMIA;Moreno (15);"RUTA 25 KM 7,5";Moreno;ZO;AMBA
LAE16;16;LAE;LA ECONOMIA;La Escalada (16);Camaño 1175;Pilar ;ZN2;AMBA
LAE20;20;LAE;LA ECONOMIA;Ecos del Pilar (20);Av. Tomas Marquez 1238;Pilar;ZN2;AMBA
LAE21;21;LAE;LA ECONOMIA;Camaño (21);Camaño 1270;Pilar ;ZN2;AMBA
LAE3;3;LAE;LA ECONOMIA;Tucuman (3);Tucuman 549;Pilar;ZN2;AMBA
LAE7;7;LAE;LA ECONOMIA;Rivadavia (7);Rivadavia 840;Pilar;ZN2;AMBA
LAE8;8;LAE;LA ECONOMIA;Lagartos (8);Panamericana Km 46;Pilar;ZN2;AMBA
LAG1;1;LAG;LA GALLEGA;3 vias (1);Alberdi 465 Bis;Rosario;INT43;SANTA FE
LAG10;10;LAG;LA GALLEGA;Urquiza (10);Urquiza 1145;Rosario;INT43;SANTA FE
LAG11;11;LAG;LA GALLEGA;Buenos Aires (11);9 de Julio 734;Rosario Centro;INT43;SANTA FE
LAG12;12;LAG;LA GALLEGA;Gdor. Galvez (12);San Martin 2447 (Gdor. Galvez);Rosario Sur;INT43;SANTA FE
LAG13;13;LAG;LA GALLEGA;Pellegrini i(13);Av. Pellegrini 1194 Y Mitre;Rosario Centro;INT43;SANTA FE
LAG2;2;LAG;LA GALLEGA;Moreno (2);Av. Pellegrini 1966;Rosario;INT43;SANTA FE
LAG3;3;LAG;LA GALLEGA;Balcarce (3);Balcarce 248 ;Rosario;INT43;SANTA FE
LAG4;4;LAG;LA GALLEGA;Paraguay (4);Catamarca 1498;Rosario;INT43;SANTA FE
LAG5;5;LAG;LA GALLEGA;Circunvalacion (5);Circunvalación (Cordoba);Rosario;INT43;SANTA FE
LAG6;6;LAG;LA GALLEGA;Donado (6);Mendoza 7875;Rosario;INT43;SANTA FE
LAG7;7;LAG;LA GALLEGA;Dorrego (7);Dorrego 695;Rosario;INT43;SANTA FE
LAG8;8;LAG;LA GALLEGA;Entre Rios (8);Entre Rios 2361;Rosario;INT43;SANTA FE
LAG9;9;LAG;LA GALLEGA;Ayacucho (9);Mendoza 255;Rosario;INT43;SANTA FE
LAR1;1;LAR;LA REINA;Oroño (1);Oroño y Saavedra;Rosario Sur;INT43;SANTA FE
LAR2;2;LAR;LA REINA;San Martin (2);San Martin y Ayolas;Rosario Sur;INT43;SANTA FE
LIB1001;1001;LIB;LIBERTAD;Santiago del Estero (1001);Aut. Juan D. Perón s/n;Santiago Del Estero;INT45;SANTIAGO DEL ESTERO
LIB102;102;LIB;LIBERTAD;Lugones (102);Av. Manuel Cardeñosa y Fray Luis Beltrán;Cordoba;INT16;CORDOBA
LIB1103;1103;LIB;LIBERTAD;San Juan (1103);Scalabrini Ortiz 1285 y Av. Circunvalación;San Juan;INT38;SAN JUAN
LIB1202;1202;LIB;LIBERTAD;Rosario (1202);Bv. Oroño 6000;Rosario Sur;INT43;SANTA FE
LIB1205;1205;LIB;LIBERTAD;Rafaela (1205);Rosario Esq. Cordoba;Rafaela;INT41;SANTA FE
LIB1302;1302;LIB;LIBERTAD;Salta (1302);Av. Ex Comb. Malvinas esq. Av. Tavella;Salta;INT37;SALTA
LIB1402;1402;LIB;LIBERTAD;Godoy Cruz (1402);Joaquín V. González 450;Mendoza;INT28;MENDOZA
LIB1502;1502;LIB;LIBERTAD;Posadas (1502);Av. Quaranta y Tomas Guido;Posadas;INT31;MISIONES
LIB202;202;LIB;LIBERTAD;Jacinto Rios (202);Libertad 1051;Cordoba;INT16;CORDOBA
LIB2502;2502;LIB;LIBERTAD;Rivera (202);Av. Ricardo Rojas y Manuel de Falla;Cordoba;INT16;CORDOBA
LIB2802;2802;LIB;LIBERTAD;Villa Maria  (2802);"Ruta 158, Km. 155,5";Villa Maria;INT18;CORDOBA
LIB602;602;LIB;LIBERTAD;Sabatini (602);Amadeo Sabatini 3250;Cordoba;INT16;CORDOBA
LIB701;701;LIB;LIBERTAD;Roca (701);Av. Roca 3440;Tucumán;INT48;TUCUMAN
LIB802;802;LIB;LIBERTAD;Emilio Castelar (802);Emilio Castelar y Batalla de Suipacha;Tucuman;INT48;TUCUMAN
LIB901;901;LIB;LIBERTAD;Resistencia (901);Dr. Sabin y Avellaneda;Resistencia;INT11;CHACO
MKO1;1;MKO;MAKRO;Olivos (1);Esteban Echeverria 2870;Olivos;ZN1;AMBAINT45
MKO2;2;MKO;MAKRO;Avellaneda (2);Francisco Pienovi 318;Avellaneda;ZS;AMBA
MKO3;3;MKO;MAKRO;Güemes (3);Av. Guemes 452 ;Haedo;ZO;AMBA
MKO6;6;MKO;MAKRO;Quilmes (6);Av. Calchaqui 500  ;Quilmes ;ZS;AMBA
MKO8;8;MKO;MAKRO;Lomas (8);J.D.Peron 250 ;Lomas de Zamora;ZS;AMBA
MKO9;9;MKO;MAKRO;San Justo (9);J.M.Rosas 3280 ;San Justo;ZO;AMBA
MKO10;10;MKO;MAKRO;San Martin (10);Av. Gral Paz 2201 ;San Martin ;ZN1;AMBA
MKO15;15;MKO;MAKRO;Ituzaingo (15);Cerrito 1110;Ituzaingó;ZO;AMBA
MKO23;23;MKO;MAKRO;Pilar (23);"Ruta Panamericana Km 48,5";Pilar ;ZN2;AMBA
MKO25;25;MKO;MAKRO;Benavidez (5);"Colectora Este Km. 41,3";Benavidez;ZN2;AMBA
MKO12;12;MKO;MAKRO;Mar del Plata (12);Champagnat y Alvarado;Mar Del Plata;INT01;BUENOS AIRES
MKO14;14;MKO;MAKRO;Bahia Blanca (14);Av. Cabrera 4162;Bahia Blanca;INT04;BUENOS AIRES
MKO4;4;MKO;MAKRO;Colon (4);Av. Colon 3500;Cordoba;INT16;CORDOBA
MKO18;18;MKO;MAKRO;Rio IV (18);Ruta A005 Entre Quenon y Leyes Obreras;Rio Iv;INT17;CORDOBA
MKO21;21;MKO;MAKRO;Juan B. Justo (21);Circunvalacion y Av. Juan B Justo;Cordoba;INT16;CORDOBA
MKO20;20;MKO;MAKRO;Corrientes (20);"Ruta Pcial. Nro 5 Km 0,5";Corrientes;INT19;CORRIENTES
MKO26;26;MKO;MAKRO;Mendoza;"Rodriguez Peña 790, Godoy Cruz";Mendoza;INT28;MENDOZA
MKO22;22;MKO;MAKRO;Posadas (22);Ruta Nac. 12 Nro. 10650;Posadas;INT31;MISIONES
MKO17;17;MKO;MAKRO;Neuquen (17);Planas 4141;Neuquen;INT32;NEUQUEN
MKO24;24;MKO;MAKRO;Salta (24);Av. Tavellia 2460;Salta;INT37;SALTA
MKO19;19;MKO;MAKRO;San Juan (19);Ruta Nac. 40 y Cano;San Juan;INT38;SAN JUAN
MKO5;5;MKO;MAKRO;Rosario (5);Circunvalación 3115;Rosario Norte;INT43;SANTA FE
MKO13;13;MKO;MAKRO;Santa Fe (13);Ruta Nacional 168  y Ruta Pcial. 1;Santa Fe;INT42;SANTA FE
MKO16;16;MKO;MAKRO;Tucuman (16);Av. Poviña 1200;Tucuman;INT48;TUCUMAN
MAL1;1;MAL;MALAMBO;Boulevard (1);Pedro Jurado y Urquiza;Gualeguaychu;INT22;ENTRE RIOS
MAL2;2;MAL;MALAMBO;Rivadavia (2);Rivadavia 850;Gualeguaychu;INT22;ENTRE RIOS
MAL3;3;MAL;MALAMBO;Rocamora (3);Av. Rocamora 384;Gualeguaychu;INT22;ENTRE RIOS
MAM1;1;MAM;MAMI;60 Cuadras (1);Colectora de Circunvalacion;Cordoba;INT16;CORDOBA
MAM2;2;MAM;MAMI;Alta Gracia (2);Ruta Pcial. 5 Km 29;Cordoba;INT16;CORDOBA
MAM3;3;MAM;MAMI;Circunvalacion (3);Gondola de Venecia 5000;Cordoba;INT16;CORDOBA
MAM4;4;MAM;MAMI;Ruta 20 (4);Av. Fuerza Aerea Argentina 1700;Cordoba;INT16;CORDOBA
MAM5;5;MAM;MAMI;Leticia (5);Agustin Garzon 1252;Cordoba;INT16;CORDOBA
MAM6;6;MAM;MAMI;Salsipuedes (6);Av. Sarmiento 1037;Cordoba;INT16;CORDOBA
MAX1;1;MAX;MARIANO MAX;60 Cuadras (1);Av. 11 de Septiembre 2765;Cordoba;INT16;CORDOBA
MAX2;2;MAX;MARIANO MAX;Rancagua (2);Av. Capdevilla 1831 Esq. Rancagua;Cordoba;INT16;CORDOBA
MAX3;3;MAX;MARIANO MAX;Centro America (3);Av. Saavedra Lamas 900;Cordoba;INT16;CORDOBA
MAX4;4;MAX;MARIANO MAX;Jesus Maria (4);Italia 363;Jesus Maria;INT16;CORDOBA
MAX5;5;MAX;MARIANO MAX;Los Platanos (2);Santa Ana 3551;Cordoba;INT16;CORDOBA
MAX7;7;MAX;MARIANO MAX;Las Flores (7);Av. Velez Sarfield 4051;Cordoba;INT16;CORDOBA
MAX8;8;MAX;MARIANO MAX;Valle Hermoso (8);Ruta Nac. 38 Esq. Calle Las Sierras;Cordoba;INT16;CORDOBA
INC41;41;INC;CARREFOUR;Rosario Village (41);Eva Perón 5856;Rosario;INT43;SANTA FE
INC268;268;INC;CARREFOUR;Rosario Centro (268);PUEYRREDÓN 747;Rosario Centro;INT43;SANTA FE
INC46;46;INC;CARREFOUR;Tucuman 3 (46);AV CATAMARCA 1116;Tucumán;INT48;TUCUMAN
INC176;176;INC;CARREFOUR;Tucuman 1 (176);24 DE SEPTIEMBRE 653;Tucumán;INT48;TUCUMAN
INC177;177;INC;CARREFOUR;Tucuman 2 (177);SAN MARTIN 344;Tucumán;INT48;TUCUMAN
INC601;601;INC;CARREFOUR;Yerba Buena (601);AV ACONQUIJA 1591;Tucumán;INT48;TUCUMAN
MXC1;1;MXC;MAXICONSUMO;San Miguel (1);Ricardo Balbín 2700;San Miguel;ZN2;AMBA
MXC10;10;MXC;MAXICONSUMO;Boulogne (10);Av. Bdo. de Irigoyen 1062;Santiago Del Estero;INT45;SANTIAGO DEL ESTERO
MXC12;12;MXC;MAXICONSUMO;Campana (12);Ruta Nacional Nº 9 Colectora sur nº 452;Boulogne;ZN2;AMBA
MXC13;13;MXC;MAXICONSUMO;Merlo (13);Balbín 2351;Campana;ZN2;AMBA
MXC14;14;MXC;MAXICONSUMO;Posadas (14);L. Quaranta y Aguado;Merlo;ZO;AMBA
MXC15;15;MXC;MAXICONSUMO;Resistencia (15);"Ruta 11 Km.1005, esq. 25 de Mayo";Posadas;INT31;MISIONES
MXC16;16;MXC;MAXICONSUMO;Loma Hermosa (16);Av.Marquez 1554;Resistencia;INT11;CHACO
MXC18;18;MXC;MAXICONSUMO;Salta (18);Msñor. Tavella 2020;Loma Hermosa;ZO;AMBA
MXC19;19;MXC;MAXICONSUMO;Santa Fe (19);J.J Paso 3714 e/Bvard Savalla;Salta;INT37;SALTA
MXC20;20;MXC;MAXICONSUMO;Tigre (20);Benito Lynch S/N 230;Santa Fe;INT42;SANTA FE
MXC26;26;MXC;MAXICONSUMO;Tucuman (26);Lavalle 3253;Tigre;ZN1;AMBA
MXC27;27;MXC;MAXICONSUMO;Cordoba (27);Av. Circunvalacion 1400;Tucumán;INT48;TUCUMAN
MXC28;28;MXC;MAXICONSUMO;Mendoza (28);Rodriguez Peña 2600;Cordoba;INT16;CORDOBA
MXC29;29;MXC;MAXICONSUMO;Villa del Parque (29);Empedrado 2571;Mendoza;INT28;MENDOZA
MXC3;3;MXC;MAXICONSUMO;Pacheco (3);Ruta 197 Nro. 2815;Pacheco;ZN2;AMBA
MXC30;30;MXC;MAXICONSUMO;Dominico (30);Centenario Uruguayo 1244;Villa Dominico;ZS;AMBA
MXC32;32;MXC;MAXICONSUMO;Berazategui (32);Av Gral Belgrano 2151;Berazategui;ZS;AMBA
MXC37;37;MXC;MAXICONSUMO;Moreno (37);Gaona Acceso Oeste 8676;Moreno;ZO;AMBA
MXC4;4;MXC;MAXICONSUMO;San Justo (4);J. M. de Rosas 4818;San Justo;ZO;AMBA
MXC46;46;MXC;MAXICONSUMO;Echeverria (46);Cam. Cintura 1214;Echeverria;ZS;AMBA
MXC47;47;MXC;MAXICONSUMO;Mercado Central (47);De la hoja 315;Villa Celina;CABA2;CABA
MXC7;7;MXC;MAXICONSUMO;La Plata (7);Calle 13 esq. 517;La Plata;ZS;AMBA
MXC8;8;MXC;MAXICONSUMO;Mar del Plata (8);Av. Champagnat 2600;Mar Del Plata;INT01;BUENOS AIRES
MXC9;9;MXC;MAXICONSUMO;Burzaco (9);Av . Monteverde 4165;Burzaco;ZS;AMBA
MED1;1;MED;MEDAMAX;Rosas (1);Juan manuel de Rosas 11855;Laferrere;ZO;AMBA
MED2;2;MED;MEDAMAX;Quilmes (2);Av. Los Quilmes 81;Quilmes;ZS;AMBA
MIC1;1;MIC;MICROPACK;Avellaneda (1);BV Avellaneda 441;Rosario Norte;INT43;SANTA FE
MIC2;2;MIC;MICROPACK;Circunvalacion (2);Circunvalación;Rosario Norte;INT43;SANTA FE
MIC3;3;MIC;MICROPACK;Arijon (3);Arijon (565);Rosario Sur;INT43;SANTA FE
MOD1;1;MOD;MODELO;Pellegrini (4);Pellegrini 739;Concordia;INT21;ENTRE RIOS
MOD2;2;MOD;MODELO;Urquiza (6);Urquiza 1234;Concordia;INT21;ENTRE RIOS
MOD3;3;MOD;MODELO;Saenz Peña (5);R. S. Peña 70;Concordia;INT21;ENTRE RIOS
MOD4;4;MOD;MODELO;Mitre (2);Mitre y Rivadavia;Concordia;INT21;ENTRE RIOS
MOD5;5;MOD;MODELO;Garat (3);Nestor Garat 288;Concordia;INT21;ENTRE RIOS
MOD6;6;MOD;MODELO;Central (6);A. Del Valle e Ituzaingo;Concordia;INT21;ENTRE RIOS
CHM1106;1106;CHM;CHANGO MAS;Tucuman Ej. Del Norte (1106);Ejercito del Norte 2324;Tucumán;INT48;TUCUMAN
NIP1;1;NIP;NIPON;Central (1);Av. Belgrano 2404;Cap. Fed.;CABA1;CABA
OSC1;1;OSC;OSCAR DAVID;Central (1);DIAMANTE Y RODRIGUEZ PEÑA;Mendoza;INT28;MENDOZA
PET1;1;PET;PETRELLI;Centenario (1);Centenario 1601;Santa Fe;INT42;SANTA FE
PET2;2;PET;PETRELLI;Irigoyen (2);H. Irigoyen 3401;Santa Fe;INT42;SANTA FE
PET3;3;PET;PETRELLI;Luja  (3);Lujan 2441;Santa Fe;INT42;SANTA FE
PIA1;1;PIA;PIANTONI;Central (1);Colon y Maravilla;Mar Del Plata;INT01;BUENOS AIRES
SAN1;1;SAN;SAN RAMON;Central (1);Prospero Mena 353;Tucumán;INT48;TUCUMAN
FMC93;93;FMC;SIMPLICITY;Caseros Y Boedo (93);Caseros 3590 ;CABA;CABA2;CABA
SOD1;1;SOD;SODIMAC;Adrogue (1);H.Yrigoyen 13298;Adrogue;ZS;AMBA
SOD2;2;SOD;SODIMAC;Cordoba (2);Av. Colon 4800;Cordoba;INT16;CORDOBA
SOD3;3;SOD;SODIMAC;La Plata (3);Camino Gral. Belgrano 1499;La Plata;ZS;AMBA
SOD4;4;SOD;SODIMAC;Malvinas (4);Ruta 8 y Ruta 202;Malvinas;ZO;AMBA
SOD5;5;SOD;SODIMAC;San Justo (5);Av. Don Bosco 2680;San Justo;ZO;AMBA
SOD6;6;SOD;SODIMAC;San Martin (6);Av San Martin 421;San Martin;ZN2;AMBA
SOD7;7;SOD;SODIMAC;Tortugas (7);Av Olivos 4051;Tortugas;ZN2;AMBA
SOD8;8;SOD;SODIMAC;Vte. Lopez (8);Av. Del Libertador 77;Vte. Lopez;ZN1;AMBA
SUP1;1;SUP;SUPER IMPERIO;Central (1);Tucuman 1644;Villa Maria;INT18;CORDOBA
SUT1;1;SUT;SUPER TOP;Estrada (1);Juan M. Estrada 698;Rio Iv;INT17;CORDOBA
SUT2;2;SUT;SUPER TOP;Sabatini (2);Sabatini 1939;Rio Iv;INT17;CORDOBA
SUT3;3;SUT;SUPER TOP;Centro (3);Belgrano 88;Rio Iv;INT17;CORDOBA
SUT4;4;SUT;SUPER TOP;Bolivar (4);Bolivar 688;Rio Iv;INT17;CORDOBA
SUM1;1;SUM;SUPREMO;9 de Julio (1);9 JULIO 1335;Concepcion ;INT20;ENTRE RIOS
SUM2;2;SUM;SUPREMO;Alberdi (2);Alberdi 731;Concepcion ;INT20;ENTRE RIOS
SUM3;3;SUM;SUPREMO;Constituyentes (3);Bv. Constituyentes 876;Concepcion ;INT20;ENTRE RIOS
SUM4;4;SUM;SUPREMO;Irigoyen (4);Bv. Irigoyen 1020;Concepcion ;INT20;ENTRE RIOS
SUM5;5;SUM;SUPREMO;Sarmiento (5);Sarmiento 1767;Concepcion ;INT20;ENTRE RIOS
TAD1;1;TAD;TADICOR;Cordoba (1);Av. Circunvalación y La Voz del interior;Cordoba;INT16;CORDOBA
TAD2;2;TAD;TADICOR;Las Heras (2);Manuel A. Saéz s/n esq. Acceso Norte;Mendoza;INT28;MENDOZA
TAD3;3;TAD;TADICOR;San Martin (3);Lateral Sur de Ruta Nacional 7 s/n;Mendoza;INT28;MENDOZA
TOL1;1;TOL;TOLEDO;Colon (1);AV. COLON 1554;Mar Del Plata;INT01;BUENOS AIRES
TOL10;10;TOL;TOLEDO;Peralta Ramos (10);Av. Peralta Ramos 766;Mar Del Plata;INT01;BUENOS AIRES
TOL11;11;TOL;TOLEDO;Juan B. Justo (11);Av. Juan B. Justo 750;Mar Del Plata;INT01;BUENOS AIRES
TOL14;14;TOL;TOLEDO;Jara (14);Av. Jara 3560;Mar Del Plata;INT01;BUENOS AIRES
TOL15;15;TOL;TOLEDO;Belgrano (15);Belgrano 4150;Mar Del Plata;INT01;BUENOS AIRES
TOL17;17;TOL;TOLEDO;Saavedra (17);Saavedra 2602;Mar Del Plata;INT01;BUENOS AIRES
TOL18;18;TOL;TOLEDO;Libertad (18);AV LIBERTAD 5750;Mar Del Plata;INT01;BUENOS AIRES
TOL2;2;TOL;TOLEDO;Peña (2);Independencia 3445;Mar Del Plata;INT01;BUENOS AIRES
TOL21;21;TOL;TOLEDO;Regional (21);J.B.Justo 6550;Mar Del Plata;INT01;BUENOS AIRES
TOL24;24;TOL;TOLEDO;Guido (24);Balcarce 3902;Mar Del Plata;INT01;BUENOS AIRES
TOL26;26;TOL;TOLEDO;Estrada (26);Estrada 5521;Mar Del Plata;INT01;BUENOS AIRES
TOL27;27;TOL;TOLEDO;La 39 (27);Luis Agote 925;Mar Del Plata;INT01;BUENOS AIRES
TOL3;3;TOL;TOLEDO;Pinitos (3);Independencia 4466;Mar Del Plata;INT01;BUENOS AIRES
TOL5;5;TOL;TOLEDO;Salta (5);Av. Colon 3550;Mar Del Plata;INT01;BUENOS AIRES
TOL7;7;TOL;TOLEDO;Talcahuano (7);Talcahuano 346;Mar Del Plata;INT01;BUENOS AIRES
TOL8;8;TOL;TOLEDO;Falucho (8);Falucho 2099;Mar Del Plata;INT01;BUENOS AIRES
TOL9;9;TOL;TOLEDO;Constitucion (9);Constitucion 4386;Mar Del Plata;INT01;BUENOS AIRES
TOR1;1;TOR;TORNADO;Burzaco (1);Av. Monteverde 4207 ;Burzaco;ZS;AMBA
TOR2;2;TOR;TORNADO;Loma Hermosa (2);Av Marquez 881;Loma Hermosa;ZO;AMBA
TOR3;3;TOR;TORNADO;Lomas (3);Madrid 202;Lomas;ZS;AMBA
TOR4;4;TOR;TORNADO;Moreno (4);Acc. Intendente Emilio Gnecco 1500;Moreno;ZO;AMBA
TOR5;5;TOR;TORNADO;Polvorines (5);Arturo Illia 6326;Polvorines;ZN1;AMBA
TOR6;6;TOR;TORNADO;Quilmes (6);Av. De los Quilmes 144;Quilmes;ZS;AMBA
TUN1;1;TNL;TUNEL;Avellaneda (1);Avellaneda 1.902;Santa Fe;INT42;SANTA FE
TUN10;10;TNL;TUNEL;Peñalosa (10);Estanislao Zeballos 3528;Santa Fe;INT42;SANTA FE
TUN2;2;TNL;TUNEL;9 de Julio (2);9 DE JULIO 1801;Santa Fe;INT42;SANTA FE
TUN3;3;TNL;TUNEL;Belgrano (3);BELGRANO 1676;Santa Fe;INT42;SANTA FE
TUN4;4;TNL;TUNEL;Lopez (4);Gral. Lopez 3569;Santa Fe;INT42;SANTA FE
TUN5;5;TNL;TUNEL;Aristobulo (5);Aristobulo del Valle 7934;Santa Fe;INT42;SANTA FE
TUN6;6;TNL;TUNEL;San Martin (6);San Martin 2998;Santa Fe;INT42;SANTA FE
TUN7;7;TNL;TUNEL;Saavedra (7);Saavedra 3101;Santa Fe;INT42;SANTA FE
TUN8;8;TNL;TUNEL;Rodriguez (8);Fray C. Rodriguez 3845;Santa Fe;INT42;SANTA FE
TUN9;9;TNL;TUNEL;Zeballos (9);Estanislao Zeballos 3998;Santa Fe;INT42;SANTA FE
UPA1;1;UPA;UPA;Bernal (1);Av de los Quilmes 601;Bernal;ZS;AMBA
UPA2;2;UPA;UPA;Tigre (2);Guiraldes 1850;Tigre;ZN1;AMBA
VEA15;15;VEA;VEA;San Martin 1 (15);9 de Julio 100;Mendoza;INT28;MENDOZA
VEA19;19;VEA;VEA;Bulnes (19);Bulnes 1048;Palermo;CABA2;CABA
VEA20;20;VEA;VEA;Lanus 1 (20);H.Yrigoyen 4174;Lanus ;ZS;AMBA
VEA21;21;VEA;VEA;Mendoza (2);Paso de los Andes 82;Mendoza;INT28;MENDOZA
VEA22;22;VEA;VEA;Galeria (22);SANTA FE 2653;Caba ;CABA2;CABA
VEA25;25;VEA;VEA;San Rafael (25);H. Yrigoyen 875;San Rafael;INT29;MENDOZA
VEA27;27;VEA;VEA;Desamparados (27);Libertador 2359 ;San Juan;INT38;SAN JUAN
VEA28;28;VEA;VEA;Velez Sarfield (28);25 De Mayo y Jujuy ;San Juan;INT38;SAN JUAN
DIS441;441;DIS;DISCO;Estrada (441);Estrada 66;Cordoba Capital;INT16;CORDOBA
VEA34;34;VEA;VEA;Ciudad (34);Patricias y Barcala;Mendoza;INT28;MENDOZA
VEA36;36;VEA;VEA;La Plata 2 (36);45 E/ 2Y 3;La Plata;ZS;AMBA
VEA40;40;VEA;VEA;Mitre (40);Mitre 549;Salta;INT37;SALTA
VEA44;44;VEA;VEA;Shopping (44);Av. Ignacio de la Rosa 1986;San Juan;INT38;SAN JUAN
VEA48;48;VEA;VEA;Acha (48);Gral Acha 130 Sur ;San Juan;INT38;SAN JUAN
VEA50;50;VEA;VEA;Gral. Alvear (50);Av. Libertador y 25 de Mayo;San Rafael;INT29;MENDOZA
VEA52;52;VEA;VEA;San Luis (52);Julio A. Roca Esq. Peron;San Luis;INT39;SAN LUIS
VEA53;53;VEA;VEA;San Rafael II (53);Av. Libertador 755;San Rafael;INT29;MENDOZA
VEA55;55;VEA;VEA;San Rafael III (55);Av. Mitre 890;San Rafael;INT29;MENDOZA
VEA56;56;VEA;VEA;Luro (56);Luro y Guido;Mar Del Plata;INT01;BUENOS AIRES
VEA62;62;VEA;VEA;San Luis 2 (62);San Martin 1142;San Luis;INT39;SAN LUIS
VEA63;63;VEA;VEA;Las Heras 3 (63);Independencia y Chacabuco;Mendoza;INT28;MENDOZA
VEA64;64;VEA;VEA;Esteco (64);ESTECO 680;Salta;INT37;SALTA
VEA66;66;VEA;VEA;Dalvian (66);Calle Cerro 7 colores 2496;Mendoza;INT28;MENDOZA
VEA68;68;VEA;VEA;La Barraca;Las Cañas 1833;Mendoza;INT28;MENDOZA
VEA71;71;VEA;VEA;Terminal (71);Brigido Teran 250;Tucumán;INT48;TUCUMAN
VEA72;72;VEA;VEA;America (72);Av. America 905;Tucuman;INT48;TUCUMAN
VEA73;73;VEA;VEA;Mate de Luna (73);Av. Mate de Luna 2850;Tucuman;INT48;TUCUMAN
VEA110;110;VEA;VEA;Tres Cerritos (110);Av. Reyes Catolicos 1480;Salta;INT37;SALTA
DIS583;583;DIS;DISCO;Villa Allende (583);Goycochea 1327;Villa Allende;INT16;CORDOBA
VEA113;113;VEA;VEA;Granaderos (113);Granaderos 200;Rio Iv;INT17;CORDOBA
DIS435;435;DIS;DISCO;Ituzaingo (435);Ituzaingo 701;Cordoba Capital;INT16;CORDOBA
VEA122;122;VEA;VEA;Bahia 1 (122);Cap. Martinez 1356 ;Santiago Del Estero;INT45;SANTIAGO DEL ESTERO
VEA125;125;VEA;VEA;Sarmiento (125);Av. Sarmiento 750;Tucumán;INT48;TUCUMAN
VEA127;127;VEA;VEA;Bahia 2 (127);Casanova 472 y Alem;Bahia Blanca;INT04;BUENOS AIRES
VEA134;134;VEA;VEA;Roca (134);Av. Roca 759;Tucumán;INT48;TUCUMAN
VEA150;150;VEA;VEA;Padua (150);Av. Pte Peron 23770;San Antonio De Padua;ZO;AMBA
VEA153;153;VEA;VEA;Moron (153);Rivadavia 17552;Moron;ZO;AMBA
DIS33;33;DIS;DISCO;Alta Cordoba (33);J. L. Cabrera 493;Cordoba Capital;INT16;CORDOBA
DIS60;60;DIS;DISCO;Shoping (60);Jose de Goyechea 2851;Cordoba Capital;INT16;CORDOBA
VEA155;155;VEA;VEA;Castelar  Sur (155);Zeballos 3154;Castelar;ZO;AMBA
VEA158;158;VEA;VEA;Merlo 1 (158);Suipacha 645;Merlo;ZO;AMBA
VEA159;159;VEA;VEA;Merlo 2 (159);Libertador 28;Merlo;ZO;AMBA
VEA162;162;VEA;VEA;Lujan (162);25 DE MAYO 260;Lujan;ZO;AMBA
VEA164;164;VEA;VEA;Hurlingham (164);Vergara 3275;Hurlingham ;ZO;AMBA
VEA175;175;VEA;VEA;Vea 7 (175);Chuquisaca y America;Mendoza;INT28;MENDOZA
VEA179;179;VEA;VEA;Vea 11 (179);San Miguel 1650;Mendoza;INT28;MENDOZA
VEA180;180;VEA;VEA;Vea 12 (180);Santiago del Estero 25;Mendoza;INT28;MENDOZA
VEA183;183;VEA;VEA;Vea 16 (183);Perrupato 356;Mendoza;INT28;MENDOZA
VEA184;184;VEA;VEA;Vea 17 (184);Lavalle 942;Mendoza;INT28;MENDOZA
VEA187;187;VEA;VEA;Vea 20 (187);Padre Vazquez 328;Mendoza;INT28;MENDOZA
VEA189;189;VEA;VEA;Vea 23 (189);Acceso Este 3280;Mendoza;INT28;MENDOZA
VEA190;190;VEA;VEA;Vea 24 (190);Lisandro Moyano  302;Mendoza;INT28;MENDOZA
VEA192;192;VEA;VEA;Vea 26 (192);Ruta Panamericana 2675;Mendoza;INT28;MENDOZA
VEA114;114;VEA;VEA;Juan B. Justo (114);Juan B. Justo 3900;Cordoba Capital;INT16;CORDOBA
VEA220;220;VEA;VEA;Vea 30 (220);San Martin 880;Mendoza;INT28;MENDOZA
VEA234;234;VEA;VEA;Caseros (234);Bartolome Mitre 4636;Caseros;ZO;AMBA
VEA240;240;VEA;VEA;Independencia (240);Independencia 4221;Cap. Fed. (240);CABA1;CABA
VEA241;241;VEA;VEA;Edison (241);Edison 1118 ;Mar Del Plata;INT01;BUENOS AIRES
VEA242;242;VEA;VEA;Palmeras (242);Av. Pte. Castillo 254;Catamarca;INT10;CATAMARCA
VEA243;243;VEA;VEA;Catamarca (243);Av. Belgrano 960;Catamarca;INT10;CATAMARCA
VEA398;398;VEA;VEA;Vea 31 (398);Bandera de los Andes 1008;Mendoza;INT28;MENDOZA
VEA399;399;VEA;VEA;Vea 32 (399);Tropero Sosa 15;Mendoza;INT28;MENDOZA
VEA423;423;VEA;VEA;V. Mercedes (423);Mitre 667;V.Mercedes;INT40;SAN LUIS
VEA195;195;VEA;VEA;Banda Norte (195);Marcelo T. De Alvear 350;Rio Iv;INT17;CORDOBA
VEA434;434;VEA;VEA;Olmos 1 (434);Olmos 78;Cordoba Capital;INT16;CORDOBA
DIS29;29;DIS;DISCO;Cerro las Rosas (29);Rafael Nuñez 4600;Cordoba Capital;INT16;CORDOBA
VEA475;475;VEA;VEA;Arguello (475);Rafael Nuñez 5557;Cordoba Capital;INT16;CORDOBA
DIS436;436;DIS;DISCO;Cerro 2 (436);Rafale Nuñez 3500;Cordoba Capital;INT16;CORDOBA
DIS725;725;DIS;DISCO;Alfonsin (725);Raul Alfonsin 650;Alta Gracia;INT16;CORDOBA
DIS468;468;DIS;DISCO;Recta 1 (468);Recta Martinoli 7400;Cordoba Capital;INT16;CORDOBA
DIS709;709;DIS;DISCO;Recta 2 (709);Recta Martinoli 8400;Cordoba Capital;INT16;CORDOBA
DIS460;460;DIS;DISCO;Richieri (460);RICHIERI 3296;Cordoba Capital;INT16;CORDOBA
DIS954;954;DIS;DISCO;Ruta 5 (954);RUTA 5 y Reconquista;Alta Gracia;INT16;CORDOBA
VEA453;453;VEA;VEA;Ruta 9 (453);Sabattini 2180;Cordoba Capital;INT16;CORDOBA
VEA432;432;VEA;VEA;San Vicente (432);San Geronimo 2830;Cordoba Capital;INT16;CORDOBA
DIS449;449;DIS;DISCO;Acceso (449);San Martin 1173;Villa Carlos Paz;INT16;CORDOBA
DIS450;450;DIS;DISCO;Cosquin (450);San Martin 127;Cosquin;INT16;CORDOBA
DIS233;233;DIS;DISCO;Casino (233);San Martin 311 ;Carlos Paz;INT16;CORDOBA
DIS444;444;DIS;DISCO;Velez 1 (444);Velez Sarfield 132;Cordoba Capital;INT16;CORDOBA
DIS28;28;DIS;DISCO;Friuli (28);Velez Sarfield 1845;Cordoba Capital;INT16;CORDOBA
VEA633;633;VEA;VEA;Pinocho 1 (633);Calle 525 Nº1350;La Plata ;ZS;AMBA
VEA636;636;VEA;VEA;Pinocho IV (636);Av. 13  1938 ent 71 y 72;La Plata;ZS;AMBA
VEA645;645;VEA;VEA;Ciudad Nieva (645);Av. Joaquín Carrillo esq. Vidal ;La Plata;ZS;AMBA
VEA646;646;VEA;VEA;Güemes (646);Güemes 955;Caseros;ZO;AMBA
VEA655;655;VEA;VEA;Ciudad Judicial (655);A. Bhoussay y Colectora;Salta;INT37;SALTA
VEA656;656;VEA;VEA;Salta Sur (656);AV. Ex. Comb. Malvinas 3900;Salta;INT37;SALTA
VEA657;657;VEA;VEA;Salta IV (657);AV. Sarmiento y O´higins;Salta;INT37;SALTA
VEA658;658;VEA;VEA;Salta V (658);Peatonal Florida 50;Salta;INT37;SALTA
VEA659;659;VEA;VEA;Tucuman V (659);Cordoba 640;Tucuman;INT48;TUCUMAN
VEA660;660;VEA;VEA;Tucuman VI (660);Alem 240;Tucuman;INT48;TUCUMAN
VEA665;665;VEA;VEA;Manzanares (665);Manzanarez 3953;Caba;CABA2;CABA
VEA674;674;VEA;VEA;Alberdi (674);Alberdi 528;Resistencia;INT11;CHACO
VEA686;686;VEA;VEA;Gualeguaychu (686);San Martin 1400;Gualeguaychu;INT22;ENTRE RIOS
VEA692;692;VEA;VEA;Lanus 2 (692);H.Yrigoyen 3043;Lanus ;ZS;AMBA
VEA696;696;VEA;VEA;San Cristobal (696);San Juan  2850 ;San Cristobal;CABA2;CABA
VEA697;697;VEA;VEA;Pacheco (697);La Rioja E.Bs As.y Paz ;General Pacheco;ZO;AMBA
VEA698;698;VEA;VEA;Monte Grande (698);Boulevard Bs .As . 1136;Monte Grande;ZS;AMBA
VEA700;700;VEA;VEA;Cordoba (700);Cordoba 6103;Cap. Fed. (700);CABA2;CABA
VEA727;727;VEA;VEA;Colon y Roca (727);Av. Colon 651;Tucuman;INT48;TUCUMAN
VEA728;728;VEA;VEA;Tafi Viejo (728);Av. Alem 618;Tafi Del Valle;INT48;TUCUMAN
VEA731;731;VEA;VEA;Ituzaingo (731);ITUZAINGO 374;Salta;INT37;SALTA
VEA741;741;VEA;VEA;Barracas (741);Herrera 803;Barracas     ;CABA2;CABA
VEA752;752;VEA;VEA;Trelew (752);Josiah Williams 300;Trelew;INT15;CHUBUT
VEA769;769;VEA;VEA;Catamarca Peatonal (769);Rivadavia 954;Catamarca;INT10;CATAMARCA
VEA854;854;VEA;VEA;Concordia (854);SAN LORENZO 253;Concordia;INT21;ENTRE RIOS
VEA855;855;VEA;VEA;Sexta ;Jorge A. Lacalle 897;Mendoza;INT28;MENDOZA
VEA859;859;VEA;VEA;San Luis 3 (859);Centenario y Riobamba;San Luis;INT39;SAN LUIS
VEA887;887;VEA;VEA;Santiago 2 (887);Av. Belgrano Sur 433;Santiago Del Estero;INT45;SANTIAGO DEL ESTERO
VEA942;942;VEA;VEA;Pv Independencia (942);Independencia 3700 ;Mar Del Plata;INT01;BUENOS AIRES
VEA943;943;VEA;VEA;Gualeguaychu (943);Almafuerte 1670;Gualeguaychu;INT22;ENTRE RIOS
VEA958;958;VEA;VEA;Gob. Del Campo (958);Av. Gobernador del Campo 1150 ;Tucuman;INT48;TUCUMAN
VEA973;973;VEA;VEA;San Martin (973);AV San Martin 6795;Cap Fed;CABA2;CABA
VEA980;980;VEA;VEA;Parque San Martin (980);MENDOZA 225  ;Salta;INT37;SALTA
VIT1;1;VIT;VITAL;San Justo (1);Monseñor Bufano 2900;San Justo;ZO;AMBA
VIT10;10;VIT;VITAL;V. Ortuzar (10);Tronador 400;Chacarita;CABA1;CABA
VIT11;11;VIT;VITAL;Abasto (11);Gallo 149;Abasto;CABA1;CABA
VIT12;12;VIT;VITAL;Quilmes (12);Calchaqui 1000;Quilmes;ZS;AMBA
VIT13;13;VIT;VITAL;La Plata (13);Av. 520 Nro. 2650;La Plata;ZS;AMBA
VIT14;14;VIT;VITAL;Loma Hermosa (14);Av. Marquez 969;Loma Hermosa;ZO;AMBA
VIT15;15;VIT;VITAL;El Talar (15);H. Yrigoyen 2420;Pacheco;ZN2;AMBA
VIT16;16;VIT;VITAL;Avellaneda (16);Fiorito 820;Avellaneda;ZS;AMBA
VIT17;17;VIT;VITAL;Posadas (17);Ruta 12 Km 6;Posadas;INT31;MISIONES
VIT18;18;VIT;VITAL;Resistencia (18);Ruta Nac. 16 Nro 15;Resistencia;INT11;CHACO
VIT19;19;VIT;VITAL;Neuquen (19);Ruta Nac. 22 Nro 1218;Neuquen;INT32;NEUQUEN
VIT2;2;VIT;VITAL;Burzaco (2);Monteverde 4100;Burzaco;ZS;AMBA
VIT20;20;VIT;VITAL;Santa Fe (20);RUTA 11 KM 477;Santa Fe;INT42;SANTA FE
VIT21;21;VIT;VITAL;Mar del Plata (21);Ruta Prov. 88 Km 5;Mar Del Plata;INT01;BUENOS AIRES
VIT22;22;VIT;VITAL;Bahia Blanca (22);RUTA 3 Km 690;Bahia Blanca;INT04;BUENOS AIRES
VIT23;23;VIT;VITAL;Pilar (23);Panamericana Km 49;Pilar ;ZN2;AMBA
VIT24;24;VIT;VITAL;Salta (24);Av. Paraguay 2259;Salta;INT37;SALTA
VIT6;6;VIT;VITAL;Moreno (6);Acc. Oeste y Cruce Graham Bell;Moreno;ZO;AMBA
VIT7;7;VIT;VITAL;Laferrere (7);RUTA 3 KM. 25;Laferrere;ZO;AMBA
VIT8;8;VIT;VITAL;Malvinas (8);RUTA 8 KM 35;Malvinas Argentinas;ZO;AMBA
WMT1004;1004;WMT;WALMART;San Fernando (1004);Camino Bancalari entre 202 y Uruguay;San Fernando;ZN1;AMBA
WMT1014;1014;WMT;WALMART;Lujan (1014);Pairo 198;Luján;ZO;AMBA
WMT1016;1016;WMT;WALMART;Sarandi (1016);Aut. Bs As. La Plata Km 9;Sarandí;ZS;AMBA
WMT1017;1017;WMT;WALMART;Tablada (1017);Monseñor Bufano 6050;Tablada;ZO;AMBA
WMT1018;1018;WMT;WALMART;Quilmes (1018);Av. Calchaqui 700;Quilmes;ZS;AMBA
WMT1043;1043;WMT;WALMART;Laferrere (1043);Ruta 21 y Casares ;Laferrere ;ZO;AMBA
WMT1087;1087;WMT;WALMART;Pilar (1087);Panamricana Km 52;Pilar;ZN2;AMBA
WMT1096;1096;WMT;WALMART;Caseros (1096);Av. Gral. J. J. Urquiza 4320;Caseros;ZO;AMBA
WMT2998;2998;WMT;WALMART;San Justo (2998);Brig. Gral J. M. Rosas 3990;San Justo ;ZO;AMBA
WMT2999;2999;WMT;WALMART;Avellaneda (2999);Av. Guemes 861 ;José C. Paz;ZO;AMBA
WMT3601;3601;WMT;WALMART;La Plata (3601);Camino Centenario 1876;La Plata;ZS;AMBA
WMT3602;3602;WMT;WALMART;Bahia Blanca (3602);Sarmiento 4114 ;Tesei ;ZO;AMBA
WMT2997;2997;WMT;WALMART;Constituyentes (2997);Av. Constituyentes 6020 ;Cap. Fed.;CABA1;CABA
WMT1058;1058;WMT;WALMART;Resistencia (1058);Ruta 11 y Marconi;Resistencia;INT11;CHACO
WMT1002;1002;WMT;WALMART;Rio IV (1002);Juan B. Justo 2052;Rio Iv;INT17;CORDOBA
WMT1010;1010;WMT;WALMART;City (1010);Av. Circunvalacion 2557;Cordoba;INT16;CORDOBA
WMT3605;3605;WMT;WALMART;Colon (3605);Colon 6051;Cordoba;INT16;CORDOBA
WMT3606;3606;WMT;WALMART;Talleres (3606);Mauricio  Yadarola 1699;Cordoba;INT16;CORDOBA
WMT1008;1008;WMT;WALMART;Corrientes (1008);Gregorio Pomar 840;Corrientes;INT19;CORRIENTES
WMT3604;3604;WMT;WALMART;Parana (3604);Anacleto Medina 319;Paraná;INT23;ENTRE RIOS
WMT1005;1005;WMT;WALMART;Las Heras (1005);Boulogne Sur Mer y Av. Roca;Mendoza;INT28;MENDOZA
WMT1068;1068;WMT;WALMART;Palmares (1068);Av. San Martin y Calle Dian;Mendoza;INT28;MENDOZA
WMT3613;3613;WMT;WALMART;Guaymallen (3613);Moldes 1023;Mendoza;INT28;MENDOZA
WMT3608;3608;WMT;WALMART;Neuquen (3608);Perticone 1255;Neuquén;INT32;NEUQUEN
WMT1006;1006;WMT;WALMART;San Juan (1006);Av. J. Ignacio de la Roza 806;San Juan;INT38;SAN JUAN
WMT1003;1003;WMT;WALMART;San Luis (1003);Av. Del Fundador 1450 y Ruta 7;San Luis;INT39;SAN LUIS
WMT3603;3603;WMT;WALMART;Santa Fe (3603);Ruta Nacional 168 Km 473;Santa Fe;INT42;SANTA FE
WMT1020;1020;WMT;WALMART;Tucuman (1020);Camino del Peru 950;Tucuman;INT48;TUCUMAN
YGR10;10;YGR;YAGUAR;Autopista (10);Av. Juan B. Alberdi 4550;Mataderos;CABA2;CABA
YGR12;12;YGR;YAGUAR;Mar del Plata (12);Ruta 88 y Fortunato de la Plaza;Mar Del Plata;INT01;BUENOS AIRES
YGR13;13;YGR;YAGUAR;Bahia Blanca (13);Don Bosco 1000;Torcuato;ZN1;AMBA
YGR14;14;YGR;YAGUAR;Mendoza (14);Carril Rodriguez Peña 2051;Mendoza;INT28;MENDOZA
YGR15;15;YGR;YAGUAR;San Juan (15);Acceso Oeste e/Circunvalacion y Monumento;San Juan;INT38;SAN JUAN
YGR16;16;YGR;YAGUAR;Chaco (16);Ruta 11 y 16;Resistencia;INT11;CHACO
YGR17;17;YGR;YAGUAR;Posadas (17);"Ruta 12 Km 7,5";Posadas;INT31;MISIONES
YGR18;18;YGR;YAGUAR;Maschwitz  (18);"Panamericana Km 42,5";Maschwitz;ZN2;AMBA
YGR19;19;YGR;YAGUAR;Trelew (19);Rotonda Ruta 25 y Ruta 3;Trelew;INT15;CHUBUT
YGR2;2;YGR;YAGUAR;Tigre (2);Crisologo Larralde 2109;Tigre;ZN1;AMBA
YGR3;3;YGR;YAGUAR;Campana (3);Panamericana y Ruta 9;Campana;ZN2;AMBA
YGR4;4;YGR;YAGUAR;Jose C. Paz (4);Hipolito Yrigoyen 2900;José C. Paz;ZO;AMBA
YGR5;5;YGR;YAGUAR;Santa Fe (5);Blas Parera 5800;Santa Fe;INT42;SANTA FE
YGR6;6;YGR;YAGUAR;Cordoba (6);Av. Circunvalacion y Rancagua;Cordoba;INT16;CORDOBA
YGR8;8;YGR;YAGUAR;Neuquen (8);Ruta 22 - Aluminé;Neuquen;INT32;NEUQUEN
YGR9;9;YGR;YAGUAR;Salta (9);Av. Paraguay 2690;Salta;INT37;SALTA
